id,name,description,rarity,class,level
1013859,Healing Grace,"Shaman Healing Grace
Crossover Talent
Reduces the threat generated by your healing spells by 15% and reduces the chance your helpful spells and damage over time effects will be dispelled by 30%.

This Mystic Enchant does not stack with the Healing Grace Talent. Requires 30 Elemental or 30 Enhancement Shaman Talents ID 1013859",Rare,Shaman,45
1013734,Impale,"Warrior Impale
Crossover Talent
Increases the critical strike damage bonus of your abilities by 20%.

This Mystic Enchant does not stack with the Impale Talent. Requires 30 Fury or 30 Protection Warrior Talents ID 1013734",Rare,Warrior,45
201472,Barbed Shot,Hunter ID 201472,Legendary,Hunter,30
200112,Burning Rush,Warlock ID 200112,Artifact,Warlock,35
554013,Glyph of Healing Touch,"Druid Glyph of Healing Touch
Decreases the cast time of Healing Touch by 1.25 sec, the mana cost by 20%, and the amount healed by 50%. ID 554013",Rare,Druid,1
201605,Elemental Momentum,"Shaman Elemental Momentum
Requires  Elemental Focus
Killing an opponent that yields experience or honor triggers your Elemental Focus talent. In addition, your Lightning Bolt and Chain Lightning deals 10% more damage to targets below 35% health. ID 201605",Epic,Shaman,20
200127,Glyph of Earthen Guardian,"Shaman Glyph of Earthen Guardian
Increases the damage reduction of Earthen Guardian by 2%. ID 200127",Rare,Shaman,1
201576,Dark Harvest,"Warlock Dark Harvest
Dealing periodic damage with Corruption, Curse of Agony, Seed of Corruption or Unstable Affliction increases the damage of your next Drain Life by 5%, stacking up to 10 times.

Killing an opponent that yields experience or honor grants 3 stacks. ID 201576",Epic,Warlock,15
554176,Glyph of Hamstring,"Warrior Glyph of Hamstring
Gives your Hamstring ability a 10% chance to immobilize the target for 5 sec. ID 554176",Rare,Warrior,8
554040,Glyph of Lesser Healing Wave,"Shaman Glyph of Lesser Healing Wave
Your Lesser Healing Wave heals for 20% more if the target is also affected by Earth Shield. ID 554040",Rare,Shaman,20
1013936,Incite,"Warrior Incite
Crossover Talent
Increases the critical strike chance of your Heroic Strike, Thunder Clap and Cleave abilities by 15%.

This Mystic Enchant does not stack with the Incite Talent. Requires 30 Arms or 30 Fury Warrior Talents ID 1013936",Rare,Warrior,45
201570,Shadow Funnel,"Warlock Shadow Funnel
While channeling Health Funnel on your Voidwalker, its auto-attacks trigger a Void Nova, dealing Shadow damage to enemies within 5 yards. In addition, your Health Funnel does not cause any threat. ID 201570",Epic,Warlock,15
554081,Glyph of Corruption,"Warlock Glyph of Corruption
Your Corruption spell has a 4% chance to cause you to enter a Shadow Trance state after damaging the opponent. The Shadow Trance state reduces the casting time of your next Shadow Bolt spell by 100%. ID 554081",Rare,Warlock,4
1013974,Ruin,"Warlock Ruin
Crossover Talent
Increases the critical strike damage bonus of your Destruction spells and your Imp's Firebolt spell by 100%.

This Mystic Enchant does not stack with the Ruin Talent. Requires 30 Affliction or 30 Demonology Warlock Talents ID 1013974",Rare,Warlock,45
201451,Inner Flame,"Warlock Inner Flame
Dealing direct damage with Fire or Shadow spells has a 12% chance to cause your next direct damage Fire spell to be a guaranteed critical strike. ID 201451",Epic,Warlock,15
200090,Windwalk Totem,Shaman ID 200090,Artifact,Shaman,35
1013965,Torment the Weak,"Mage Torment the Weak
Crossover Talent
Your Frostbolt, Fireball, Frostfire Bolt, Pyroblast, Arcane Missiles, Arcane Blast, and Arcane Barrage abilities deal 12% more damage to snared or slowed targets.

This Mystic Enchant does not stack with the Torment the Weak Talent. Requires 30 Fire or 30 Frost Mage Talents ID 1013965",Rare,Mage,45
200996,Fel Damnation,Warlock ID 200996,Epic,Warlock,30
201569,Divine Reprieve,"Paladin Divine Reprieve
Your Divine Plea only reduces your healing done with Holy Light, Flash of Light and Holy Shock by 20% and additionally increases your chance to critically heal with those spells by 10%. Requires 20 Holy Paladin Talents ID 201569",Epic,Paladin,16
1013677,Lethality,"Rogue Lethality
Crossover Talent
Increases the critical strike damage bonus of all combo point-generating abilities that do not require stealth by 30%.

This Mystic Enchant does not stack with the Lethality Talent. Requires 30 Combat or 30 Subtlety Rogue Talents ID 1013677",Rare,Rogue,45
201044,Critical Cycles,"Druid Critical Cycles
Requires  Eclipse (Rank 1)
Solar and Lunar Eclipse increases the periodic damage of your Insect Swarm, Moonfire and Sunfire by 30%. ID 201044",Epic,Druid,50
200174,Lava Sweep,"Shaman Lava Sweep
Requires  Lava Lash (Rank 1)
Transforms Lava Lash into Lava Sweep.

This ability scales from your Lava Lash modifiers.

 Lava Sweep
Unleash a fiery sweep of lava in front of you, dealing 100% main-hand weapon damage as Fire damage to your main target and half to other targets. 

If your weapon is enchanted with Flametongue the damage is increased by 50%.

If you're using a one-handed weapon the damage is increased by 25%. ID 200174",Legendary,Shaman,30
1013656,Enrage,"Warrior Enrage
Crossover Talent
Gives you a 30% chance to receive a 10% damage bonus for 12 sec after being the victim of a damaging attack.  This effect does not stack with Wrecking Crew.

This Mystic Enchant does not stack with the Enrage Talent. Requires 30 Arms or 30 Protection Warrior Talents ID 1013656",Rare,Warrior,45
1013759,Nature's Focus,"Druid Nature's Focus
Crossover Talent
Reduces the pushback suffered from damaging attacks  while casting Healing Touch, Wrath, Entangling Roots, Cyclone, Nourish, Regrowth and Tranquility by 70%.

This Mystic Enchant does not stack with the Nature's Focus Talent. Requires 30 Balance or 30 Feral Druid Talents ID 1013759",Rare,Druid,45
1013673,Opportunity,"Rogue Opportunity
Crossover Talent
Increases the damage dealt with your Backstab, Mutilate, Garrote and Ambush abilities by 20%.

This Mystic Enchant does not stack with the Opportunity Talent. Requires 30 Assassination or 30 Combat Rogue Talents ID 1013673",Rare,Rogue,45
200352,Spirit of the Forest,Druid ID 200352,Legendary,Druid,55
554005,Glyph of Entangling Roots,"Druid Glyph of Entangling Roots
Increases the damage your Entangling Roots victims can take before the Entangling Roots automatically breaks by 20%. ID 554005",Rare,Druid,8
1013624,Arcane Concentration,"Mage Arcane Concentration
Crossover Talent
Gives you a 10% chance of entering a Clearcasting state after any damage spell hits a target.  The Clearcasting state reduces the mana cost of your next damage spell by 100%.

This Mystic Enchant does not stack with the Arcane Concentration Talent. Requires 30 Fire or 30 Frost Mage Talents ID 1013624",Rare,Mage,45
554108,Glyph of Frostbolt,"Mage Glyph of Frostbolt
Increases the damage dealt by Frostbolt by 10%, but removes the slowing effect. ID 554108",Rare,Mage,4
1013775,Nightfall,"Warlock Nightfall
Crossover Talent
Gives your Corruption and Drain Life spells a 2% chance to cause you to enter a Shadow Trance state after damaging the opponent.  The Shadow Trance state reduces the casting time of your next Shadow Bolt spell by 100%.

This chance increases by an additional 2% every time Shadow Trance does not trigger.

This Mystic Enchant does not stack with the Nightfall Talent. Requires 30 Demonology or 30 Destruction Warlock Talents ID 1013775",Rare,Warlock,45
1013877,Affliction Mastery,"Warlock Affliction Mastery
Increases your spell haste by 4% and the damage of your Corruption by 6%. ID 1013877",Legendary,Warlock,30
201565,Light and Shadow,"Priest Light and Shadow
The critical strike chance of your Smite is increased by 8% on targets affected by your Shadow Word: Pain. In addition, the duration of Shadow Word: Pain is increased by 3 sec. ID 201565",Epic,Priest,15
201578,Long Arm of the Law,"Paladin Long Arm of the Law
Dealing damage with Hand of Reckoning increases your movement speed by 50% for 3 sec.

While active, dealing damage with a Judgement effect extends the duration by 2 sec. ID 201578",Epic,Paladin,15
554091,Glyph of Shadow Bolt,"Warlock Glyph of Shadow Bolt
Reduces the cast time of your Shadow Bolt by 3%. ID 554091",Rare,Warlock,1
200784,Holy Word: Chastise,Priest ID 200784,Artifact,Priest,35
1013824,Improved Devotion Aura,"Paladin Improved Devotion Aura
Crossover Talent
Increases the armor bonus of your Devotion Aura by 50% and increases the amount healed on any target affected by any of your Auras by 6%.

This Mystic Enchant does not stack with the Improved Devotion Aura Talent. Requires 30 Holy or 30 Retribution Paladin Talents ID 1013824",Rare,Paladin,45
200735,Glacial Cascade,"Mage Glacial Cascade
Every fourth Frostbolt triggers a cascade of Frostbolts, hitting 3 additional nearby enemies. ID 200735",Epic,Mage,15
201187,Scorched Ground,"Mage Scorched Ground
Requires  Living Bomb (Rank 1)
When your Living Bomb explodes it scorches the ground, burning enemies within the area for 93 Fire damage every second for 8 sec. Also, targets affected by your Living Bomb takes 10% more damage from your Living Bomb explosions.

This effect can only occur once every 8 seconds. ID 201187",Epic,Mage,60
200699,Demonic Whirl,"Warlock Demonic Whirl
Requires  Summon Felguard (Summon)
Dealing damage with Shadow Bolt or Incinerate causes your Felguard to cast a Whirlwind, dealing damage to enemies within 8 yards.

This can only occur once every 3 sec. ID 200699",Epic,Warlock,50
554067,Glyph of Shadow Word: Pain,"Priest Glyph of Shadow Word: Pain
The periodic damage ticks of your Shadow Word: Pain spell restore 1% of your base mana. ID 554067",Rare,Priest,4
1013687,Improved Inner Fire,"Priest Improved Inner Fire
Crossover Talent
Increases the effect of your Inner Fire spell by 45%, and increases the total number of charges by 12.

This Mystic Enchant does not stack with the Improved Inner Fire Talent. Requires 30 Holy or 30 Shadow Priest Talents ID 1013687",Rare,Priest,45
1013642,Booming Voice,"Warrior Booming Voice
Crossover Talent
Increases the area of effect and duration of your Battle Shout, Demoralizing Shout and Commanding Shout by 50%.

This Mystic Enchant does not stack with the Booming Voice Talent. Requires 30 Arms or 30 Protection Warrior Talents ID 1013642",Rare,Warrior,45
201586,Marked Detonation,"Hunter Marked Detonation
The first time you apply Hunter's Mark to a target above 75% health, your next ranged ability on the target will critically hit and restore 15% base mana. ID 201586",Epic,Hunter,15
200800,Demonic Persistence,"Warlock Demonic Persistence
Dealing damage with Incinerate causes your lowest health Wild Imp to be sacrificed and explode, dealing 225 Fire damage to all enemies within 8 yards. 

In addition, the damage of your summoned demon and Wild Imps are increased by 5%, stacking up to 4 times.

The duration of your Wild Imps is increased by 1 sec per active stack. ID 200800",Epic,Warlock,30
201577,Righteous Light,"Paladin Righteous Light
Increases the damage of Shield of Righteousness by 10%.
 
Using Shield of Righteousness causes your next Hand of Reckoning to heal you for 5% of your missing health, stacking up to 5 times. ID 201577",Epic,Paladin,40
554106,Glyph of Fireball,"Mage Glyph of Fireball
Reduces the casting time of your Fireball spell by 5%. ID 554106",Rare,Mage,1
1013664,Puncturing Wounds,"Rogue Puncturing Wounds
Crossover Talent
Increases the critical strike chance of your Backstab ability by 30%, and the critical strike chance of your Mutilate ability by 15%.

This Mystic Enchant does not stack with the Puncturing Wounds Talent. Requires 30 Combat or 30 Subtlety Rogue Talents ID 1013664",Rare,Rogue,45
1013693,Unbreakable Will,"Priest Unbreakable Will
Crossover Talent
Reduces the duration of Stun, Fear, and Silence effects done to you by an additional 30%.

This Mystic Enchant does not stack with the Unbreakable Will Talent. Requires 30 Holy or 30 Shadow Priest Talents ID 1013693",Rare,Priest,45
1300145,Colossus Smash,Warrior ID 1300145,Legendary,Warrior,30
554252,Glyph of Stoneclaw Totem,"Shaman Glyph of Stoneclaw Totem
Your Stoneclaw Totem also places a damage absorb shield on you, equal to 4 times the strength of the shield it places on your totems. ID 554252",Rare,Shaman,8
554058,Glyph of Power Word: Shield,"Priest Glyph of Power Word: Shield
Your Power Word: Shield also heals the target for 20% of the absorption amount. ID 554058",Rare,Priest,10
1013761,Intensity,"Druid Intensity
Crossover Talent
Allows 50% of your Mana regeneration to continue while casting and causes your Enrage ability to instantly generate 15 rage.

This Mystic Enchant does not stack with the Intensity Talent. Requires 30 Balance or 30 Feral Druid Talents ID 1013761",Rare,Druid,45
201541,Crackling Flames,Shaman ID 201541,Epic,Shaman,15
200714,Victorious Stand,Warrior ID 200714,Epic,Warrior,20
1013872,Fire Mastery,"Mage Fire Mastery
Increases your Fire critical strike damage and critical strike chance by 4%. ID 1013872",Legendary,Mage,30
1013822,Benediction,"Paladin Benediction
Crossover Talent
Reduces the mana cost of all instant cast spells by 10%.

This Mystic Enchant does not stack with the Benediction Talent. Requires 30 Holy or 30 Protection Paladin Talents ID 1013822",Rare,Paladin,45
200551,Wrathful Exorcism,"Paladin Wrathful Exorcism
Using Exorcism allows your next Hammer of Wrath to be used regardless of the targets health. ID 200551",Epic,Paladin,44
554060,Glyph of Renew,"Priest Glyph of Renew
Reduces the duration of your Renew by 3 sec. but increases the amount healed each tick by 35%. ID 554060",Rare,Priest,8
1013782,Grim Reach,"Warlock Grim Reach
Crossover Talent
Increases the range of your Affliction spells by 20%.

This Mystic Enchant does not stack with the Grim Reach Talent. Requires 30 Demonology or 30 Destruction Warlock Talents ID 1013782",Rare,Warlock,45
200907,Raging Onslaught,Warrior ID 200907,Epic,Warrior,30
1013708,Improved Spirit Tap,"Priest Improved Spirit Tap
Crossover Talent
Your Mind Blast and Shadow Word: Death critical strikes have a 100% chance and your Mind Flay critical strikes have a 50% chance to increase your total Spirit by 10%. For the duration, your mana will regenerate at a 33% rate while casting. Lasts 8 sec.

This Mystic Enchant does not stack with the Improved Spirit Tap Talent. Requires 30 Discipline or 30 Holy Priest Talents ID 1013708",Rare,Priest,45
201291,Here Comes The Big One,"Warrior Here Comes The Big One
Requires  Bloodthirst
Every fourth use of Bloodthirst now deals 75% increased damage. ID 201291",Epic,Warrior,40
200696,Quickfire Tactics,Hunter ID 200696,Epic,Hunter,25
201438,Synergistic Light,Paladin ID 201438,Epic,Paladin,20
1013689,Martyrdom,"Priest Martyrdom
Crossover Talent
Gives you a 100% chance to gain the Focused Casting effect that lasts for 6 sec after being the victim of a melee or ranged critical strike.  The Focused Casting effect reduces the pushback suffered from damaging attacks while casting Priest spells and decreases the duration of Interrupt effects by 20%.

This Mystic Enchant does not stack with the Martyrdom Talent. Requires 30 Holy or 30 Shadow Priest Talents ID 1013689",Rare,Priest,45
1013778,Intensity,"Warlock Intensity
Crossover Talent
Reduces the pushback suffered from damaging attacks  while casting or channeling any Destruction spell by 70%.

This Mystic Enchant does not stack with the Intensity Talent. Requires 30 Affliction or 30 Demonology Warlock Talents ID 1013778",Rare,Warlock,45
554084,Glyph of Immolate,"Warlock Glyph of Immolate
Increases the periodic damage of your Immolate by 10%. ID 554084",Rare,Warlock,3
201314,Primal Tide,"Shaman Primal Tide
Requires  Riptide (Rank 1)
Every third cast of Riptide grants you Primal Tide.

 Primal Tide
Your next Riptide will apply to 2 additional nearby allies and last for an extra 6 seconds. ID 201314",Epic,Shaman,60
1013975,Elemental Fury,"Shaman Elemental Fury
Crossover Talent
Increases the critical strike damage bonus of your Searing and Magma Totems and your Fire, Frost, and Nature spells by 100%.

This Mystic Enchant does not stack with the Elemental Fury Talent. Requires 30 Enhancement or 30 Restoration Shaman Talents ID 1013975",Rare,Shaman,45
554055,Glyph of Lightning Bolt,"Shaman Glyph of Lightning Bolt
Increases the damage dealt by Lightning Bolt and Chain Lightning by 7%. ID 554055",Rare,Shaman,1
200652,Stormborn,Shaman ID 200652,Epic,Shaman,30
1013711,Concussion,"Shaman Concussion
Crossover Talent
Increases the damage done by your Lightning Bolt, Chain Lightning, Thunderstorm, Lava Burst and Shock spells by 10%.

This Mystic Enchant does not stack with the Concussion Talent. Requires 30 Enhancement or 30 Restoration Shaman Talents ID 1013711",Rare,Shaman,45
1013820,Deflection,"Paladin Deflection
Crossover Talent
Increases your Parry chance by 5%.

This Mystic Enchant does not stack with the Deflection Talent. Requires 30 Holy or 30 Protection Paladin Talents ID 1013820",Rare,Paladin,45
203025,Winter's Blaze,"Mage Winter's Blaze
Consuming Brain Freeze with Frostfire Bolt increases its damage by 25%.

Frostbolt and Ice Lance deal 8% increased damage to targets affected by Frostfire Bolt. ID 203025",Epic,Mage,60
200099,Void Shift,Priest ID 200099,Artifact,Priest,35
200410,Hammerstorm,Paladin ID 200410,Legendary,Paladin,30
554126,Glyph of Backstab,"Rogue Glyph of Backstab
Your Backstab increases the duration of your Rupture effect on the target by 2 seconds, up to a maximum of 6 additional seconds. ID 554126",Rare,Rogue,4
1013911,Shamanistic Focus,"Shaman Shamanistic Focus
Crossover Talent
Reduces the mana cost of your Shock spells by 45%.

This Mystic Enchant does not stack with the Shamanistic Focus Talent. Requires 30 Elemental or 30 Restoration Shaman Talents ID 1013911",Rare,Shaman,45
1013632,Tactical Mastery,"Warrior Tactical Mastery
Crossover Talent
You retain up to an additional 15 of your rage points when you change stances.  Also greatly increases the threat generated by your Bloodthirst and Mortal Strike abilities when you are in Defensive Stance (More effective than Rank 2).

This Mystic Enchant does not stack with the Tactical Mastery Talent. Requires 30 Fury or 30 Protection Warrior Talents ID 1013632",Rare,Warrior,45
201567,Murder Rush,"Rogue Murder Rush
Requires  Sprint (Rank 1)
Killing an enemy that yields experience or honor gives you Sprint for 5 seconds. If Sprint is already active, its duration is fully refreshed. In addition, while Sprint is active you deal 10% more damage. ID 201567",Epic,Rogue,15
201118,Shadow Blades,Rogue ID 201118,Legendary,Rogue,30
554122,Glyph of Vengeance,"Paladin Glyph of Vengeance
Seal of Vengeance and Seal of Corruption increases your expertise by 10. ID 554122",Rare,Paladin,25
1013715,Call of Flame,"Shaman Call of Flame
Crossover Talent
Increases the damage done by your Fire Totems and Fire Nova by 15%, and damage done by your Lava Burst spell by 6%.

This Mystic Enchant does not stack with the Call of Flame Talent. Requires 30 Enhancement or 30 Restoration Shaman Talents ID 1013715",Rare,Shaman,45
201530,Victorious,"Warrior Victorious
Your Victory Rush deals 10% more damage and heals you for 10% health. ID 201530",Epic,Warrior,15
201275,Trick Shots,"Hunter Trick Shots
Multi-Shot grants you Trick Shot, which causes your next Arcane Shot to ricochet to 4 additional targets and deal 20% increased damage. Lasts 8 seconds. ID 201275",Epic,Hunter,18
201031,Shattering Execution,"Rogue Shattering Execution
Your Eviscerate and Dispatch have a 20% chance per combo point to shatter your target's armor, allowing your attacks to ignore 10% its armor for 30 sec, stacking up to 3 times. ID 201031",Epic,Rogue,15
554114,Glyph of Frost Nova,"Mage Glyph of Frost Nova
Your Frost Nova targets can take an additional 20% damage before the Frost Nova effect automatically breaks. ID 554114",Rare,Mage,10
1013602,Crusader of the Light,Paladin ID 1013602,Epic,Paladin,15
201540,Righteous Verdict,"Paladin Righteous Verdict
Using a Judgement increases the critical strike chance and reduces the mana cost of your next Holy Light by 20%. ID 201540",Epic,Paladin,15
1013679,Remorseless Attacks,"Rogue Remorseless Attacks
Crossover Talent
After killing an opponent that yields experience or honor, gives you a 40% increased critical strike chance on your next Sinister Strike, Hemorrhage, Backstab, Mutilate, Ambush, or Ghostly Strike.  Lasts 20 sec.

This Mystic Enchant does not stack with the Remorseless Attacks Talent. Requires 30 Combat or 30 Subtlety Rogue Talents ID 1013679",Rare,Rogue,45
201375,Ursoc's Rage,Druid ID 201375,Epic,Druid,15
200816,Omen of Doom,"Druid Omen of Doom
Gaining Omen of Clarity increases your Arcane and Nature damage done by 10% for 6 seconds. ID 200816",Epic,Druid,20
554026,Glyph of Crusader Strike,"Paladin Glyph of Crusader Strike
Increases your critical strike chance of Crusader Strike by 3%. ID 554026",Rare,Paladin,10
1013697,Improved Healing,"Priest Improved Healing
Crossover Talent
Reduces the mana cost of your Lesser Heal, Heal, Greater Heal, Divine Hymn and Penance spells by 15%.

This Mystic Enchant does not stack with the Improved Healing Talent. Requires 30 Discipline or 30 Shadow Priest Talents ID 1013697",Rare,Priest,45
1013884,Feral Mastery,"Druid Feral Mastery
Increases the damage of your Rake, Rip and Ferocious Bite by 6% and their critical strike damage by an additional 6%. ID 1013884",Legendary,Druid,30
1013636,Anticipation,"Warrior Anticipation
Crossover Talent
Increases your Dodge chance by 5%.

This Mystic Enchant does not stack with the Anticipation Talent. Requires 30 Arms or 30 Fury Warrior Talents ID 1013636",Rare,Warrior,45
1013892,Survival Mastery,"Hunter Survival Mastery
The critical strike damage and critical strike chance of your Explosive Shot and Explosive Trap is increased by 6%. ID 1013892",Legendary,Hunter,34
1013619,Spell Impact,"Mage Spell Impact
Crossover Talent
Increases the damage of your Arcane Explosion, Arcane Blast, Blast Wave, Fire Blast, Scorch, Fireball, Ice Lance and Cone of Cold spells by an additional 6%.

This Mystic Enchant does not stack with the Spell Impact Talent. Requires 30 Fire or 30 Frost Mage Talents ID 1013619",Rare,Mage,45
1013853,Frost Warding,"Mage Frost Warding
Crossover Talent
Increases the armor and resistances given by your Frost Armor and Ice Armor spells by 50%.  In addition, gives your Frost Ward and Fire Ward a 30% chance to negate the warded damage spell and restore mana equal to the damage caused.

This Mystic Enchant does not stack with the Frost Warding Talent. Requires 30 Arcane or 30 Fire Mage Talents ID 1013853",Rare,Mage,45
554072,Glyph of Inner Fire,"Priest Glyph of Inner Fire
Increases the armor from your Inner Fire spell by 50%. ID 554072",Rare,Priest,12
200817,Savage Barricade,"Druid Savage Barricade
Your Savage Defense can now store up to 2 charges. ID 200817",Epic,Druid,40
200062,Cloudburst Totem,Shaman ID 200062,Legendary,Shaman,30
1013696,Healing Focus,"Priest Healing Focus
Crossover Talent
Reduces the pushback suffered from damaging attacks  while casting any holy healing and damaging spell by 70%.

This Mystic Enchant does not stack with the Healing Focus Talent. Requires 30 Discipline or 30 Shadow Priest Talents ID 1013696",Rare,Priest,45
1013809,Hawk Eye,"Hunter Hawk Eye
Crossover Talent
Increases the range of your ranged weapons by 6 yards.

This Mystic Enchant does not stack with the Hawk Eye Talent. Requires 30 Beast Mastery or 30 Marksmanship Hunter Talents ID 1013809",Rare,Hunter,45
1013662,Deflection,"Rogue Deflection
Crossover Talent
Increases your Parry chance by 6%.

This Mystic Enchant does not stack with the Deflection Talent. Requires 30 Assassination or 30 Subtlety Rogue Talents ID 1013662",Rare,Rogue,45
1013629,Improved Rend,"Warrior Improved Rend
Crossover Talent
Increases the bleed damage done by your Rend ability by 20%.

This Mystic Enchant does not stack with the Improved Rend Talent. Requires 30 Fury or 30 Protection Warrior Talents ID 1013629",Rare,Warrior,45
200961,Consecrated Zeal,"Paladin Consecrated Zeal
Dealing damage with Consecration grants you stack of Consecrated Zeal.

 Consecrated Zeal
Increases Holy damage done by 2% and reduces physical damage taken by 1%. Stacks up to 3 times and lasts 3 sec. ID 200961",Epic,Paladin,15
200050,Alter Time,Mage ID 200050,Artifact,Mage,35
1013716,Elemental Focus,"Shaman Elemental Focus
Crossover Talent
After landing a non-periodic critical strike with a Fire, Frost, or Nature damage spell, you enter a Clearcasting state.  The Clearcasting state reduces the mana cost of your next 2 damage or healing spells by 40%.

This Mystic Enchant does not stack with the Elemental Focus Talent. Requires 30 Enhancement or 30 Restoration Shaman Talents ID 1013716",Rare,Shaman,45
201052,One with the Forest,"Druid One with the Forest
Your critical strikes while in Bear Form extends the duration of Barkskin by 1 second.

This effect can only occur once every second. ID 201052",Epic,Druid,44
200846,Feral Frenzy,Druid ID 200846,Legendary,Druid,30
200632,Titan's Fury,"Warrior Titan's Fury
Using Whirlwind while above 50 rage grants you Titan's Fury. Using it while below 50 rage grants you Titan's Heroism.


 Titan's Fury
Increases damage dealt by 5% for 10 sec.

 Titan's Heroism
Removes the rage cost of Heroic Strike and Cleave. Lasts 3 charges or 10 sec. ID 200632",Epic,Warrior,30
200697,Rapid Blinking,Mage ID 200697,Epic,Mage,20
1013841,Dual Wield Specialization,"Warrior Dual Wield Specialization
Crossover Talent
Increases the damage done by your off-hand weapon by 25%.

This Mystic Enchant does not stack with the Dual Wield Specialization Talent. Requires 30 Arms or 30 Protection Warrior Talents ID 1013841",Rare,Warrior,45
554073,Glyph of Mind Flay,"Priest Glyph of Mind Flay
Increases the damage done by your Mind Flay spell by 10% when your target is afflicted with Shadow Word: Pain. ID 554073",Rare,Priest,20
1013614,Improved Fireball,"Mage Improved Fireball
Crossover Talent
Reduces the casting time of your Fireball spell by 0.5 sec.

This Mystic Enchant does not stack with the Improved Fireball Talent. Requires 30 Arcane or 30 Frost Mage Talents ID 1013614",Rare,Mage,45
554003,Glyph of Rejuvenation,"Druid Glyph of Rejuvenation
While your Rejuvenation targets are below 50% health, you will heal them for an additional 50% health. ID 554003",Rare,Druid,4
201092,Envenomed,"Rogue Envenomed
Deal 10% additional damage with poisons to bleeding targets. In addition, the energy cost of Envenom is reduced by 5. ID 201092",Epic,Rogue,20
1013907,Primal Fury,"Druid Primal Fury
Crossover Talent
Gives you a 100% chance to gain an additional 5 Rage anytime you get a critical strike while in Bear and Dire Bear Form and your critical strikes from Cat Form abilities that add combo points  have a 100% chance to add an additional combo point.

This Mystic Enchant does not stack with the Primal Fury Talent. Requires 30 Balance or 30 Restoration Druid Talents ID 1013907",Rare,Druid,45
200555,Shadow Visions,"Priest Shadow Visions
Requires  Mind Flay (Rank 1)
Dealing damage with Mind Flay grants you a Soul Fragment. After accumulating 6 fragments you gain Shadow Visions.


 Shadow Visions
Empowers your next ability:

- Devouring Plague: Duration increased by 12 seconds.

- Mind Blast: Damage increased by 50%, makes your next Mind Flay have 33% increased critical strike chance.

- Vampiric Touch: Marks a target to take 15% increased periodic damage from you for 30 seconds. ID 200555",Legendary,Priest,30
201329,Hazardous Escape,Rogue ID 201329,Epic,Rogue,15
201249,Impending Doom,"Priest Impending Doom
Your Mind Blast and Shadow Word: Death apply 3 charges of Impending Doom. Can store up to 9 charges.

 Impending Doom
Increases the next periodic Shadow damage taken from the Priest by 20%. ID 201249",Epic,Priest,15
554045,Glyph of Frost Shock,"Shaman Glyph of Frost Shock
Increases the duration of your Frost Shock by 2 sec. ID 554045",Rare,Shaman,20
201583,Biting Frost,"Mage Biting Frost
Requires  Frostbite (Rank 1)
Killing an enemy with Frost damage causes your next spell that can trigger Frostbite to have a 100% chance to trigger it.

This effect can only occur once every 15 seconds. ID 201583",Epic,Mage,15
200479,Circle of Life,Priest ID 200479,Epic,Priest,35
201475,Hydromancer: Water Bolt,Shaman ID 201475,Legendary,Shaman,30
554113,Glyph of Polymorph,"Mage Glyph of Polymorph
Your Polymorph spell also removes all damage over time effects from the target. ID 554113",Rare,Mage,8
201572,Graceful Resurgence,"Druid Graceful Resurgence
Requires  Nature's Grace (Rank 1)
Increases the damage of Wrath, Starfire and Starsurge on targets below 35% health by 10%.

Killing an opponent that yields experience or honor grants you Nature's Grace, increasing your cast speed by 20% for 3 sec. ID 201572",Epic,Druid,20
201525,Overflowing Light,"Priest Overflowing Light
Healing an ally to full health with Lesser Heal, Heal or Greater Heal restores 8% base mana and increases the amount healed of your next Lesser Heal, Heal or Greater Heal by 20%. ID 201525",Epic,Priest,15
1013737,Arctic Reach,"Mage Arctic Reach
Crossover Talent
Increases the range of your Frostbolt, Ice Lance, Deep Freeze and Blizzard spells and the radius of your Frost Nova and Cone of Cold spells by 20%.

This Mystic Enchant does not stack with the Arctic Reach Talent. Requires 30 Arcane or 30 Fire Mage Talents ID 1013737",Rare,Mage,45
200568,Endless Agony,Warlock ID 200568,Legendary,Warlock,30
201231,Fired Up,"Mage Fired Up
Dealing direct damage with Fire spells has a 12% chance to cause your next direct damage Fire spell to be a guaranteed critical strike. ID 201231",Epic,Mage,15
1013653,Shatter,"Mage Shatter
Crossover Talent
Increases the critical strike chance of all your spells against frozen targets by 50%.

This Mystic Enchant does not stack with the Shatter Talent. Requires 30 Arcane or 30 Fire Mage Talents ID 1013653",Rare,Mage,45
200048,Avatar,Warrior ID 200048,Artifact,Warrior,35
1013733,Blood Craze,"Warrior Blood Craze
Crossover Talent
Regenerates 6% of your total Health over 6 sec after being the victim of a critical strike.

This Mystic Enchant does not stack with the Blood Craze Talent. Requires 30 Arms or 30 Protection Warrior Talents ID 1013733",Rare,Warrior,45
200049,Soul Harvest,Warlock ID 200049,Legendary,Warlock,30
200071,Grappling Hook,Rogue Requires 20 Combat Rogue Talents ID 200071,Artifact,Rogue,35
1013691,Mental Agility,"Priest Mental Agility
Crossover Talent
Reduces the mana cost of your instant cast spells by 10%.

This Mystic Enchant does not stack with the Mental Agility Talent. Requires 30 Holy or 30 Shadow Priest Talents ID 1013691",Rare,Priest,45
201463,Dark Focus,Priest ID 201463,Epic,Priest,15
554109,Glyph of Scorch,"Mage Glyph of Scorch
Increases the damage of your Scorch spell by 20%. ID 554109",Rare,Mage,22
1013663,Improved Sinister Strike,"Rogue Improved Sinister Strike
Crossover Talent
Reduces the Energy cost of your Sinister Strike ability by 5.

This Mystic Enchant does not stack with the Improved Sinister Strike Talent. Requires 30 Assassination or 30 Subtlety Rogue Talents ID 1013663",Rare,Rogue,45
201080,TIMBERRR,"Druid TIMBERRR
Requires  Force of Nature
Increases the duration of your Treants summoned from Force of Nature by 100%. ID 201080",Epic,Druid,50
201473,Earthen Grace,"Shaman Earthen Grace
Increases your Nature healing done by 5% on allies affected by your Earthliving healing over time effect. ID 201473",Epic,Shaman,30
200804,Cursed Shadows,"Warlock Cursed Shadows
Dealing damage with Curse of Agony has a 30% chance to increase the damage of your next Shadow Bolt by 20% and to reduce its mana cost by 20%. Lasts for 12 sec. ID 200804",Epic,Warlock,15
201477,Elemental Equilibrium,"Shaman Elemental Equilibrium
Dealing direct damage with a Fire, Frost, and Nature spell within 10 seconds increases your damage with these schools by 8% for 10 sec. ID 201477",Epic,Shaman,20
1013617,Flame Throwing,"Mage Flame Throwing
Crossover Talent
Increases the range of all Fire spells except Frostfire Bolt by 6 yards.

This Mystic Enchant does not stack with the Flame Throwing Talent. Requires 30 Arcane or 30 Frost Mage Talents ID 1013617",Rare,Mage,45
200785,Faerie's Favor,"Druid Faerie's Favor
Using Faerie Fire (Feral) generates 20 energy and rage. ID 200785",Epic,Druid,15
554280,Glyph of Blocking,"Warrior Glyph of Blocking
Increases your block value by 10% for 10 sec after using your Shield Slam ability. ID 554280",Rare,Warrior,25
1013724,Healing Focus,"Shaman Healing Focus
Crossover Talent
Reduces the pushback suffered from damaging attacks while casting any Shaman healing spell by 70%.

This Mystic Enchant does not stack with the Healing Focus Talent. Requires 30 Elemental or 30 Enhancement Shaman Talents ID 1013724",Rare,Shaman,45
1013792,Master Summoner,"Warlock Master Summoner
Crossover Talent
Reduces the casting time of your Imp, Voidwalker, Succubus, Felhunter and Fel Guard Summoning spells by 4 sec and the Mana cost by 40%.

This Mystic Enchant does not stack with the Master Summoner Talent. Requires 30 Affliction or 30 Destruction Warlock Talents ID 1013792",Rare,Warlock,45
200093,Blood Horror,Warlock ID 200093,Artifact,Warlock,35
201555,Hunting Frenzy,"Hunter Hunting Frenzy
Increases the damage of your pet's special abilities by 10% while your Hunter's Mark is on the target.

After killing an opponent that yields experience or honor your pet's next 2 special abilities gains 100% critical strike chance and costs no Focus. ID 201555",Epic,Hunter,15
200606,Holy Ascension,Priest ID 200606,Legendary,Priest,30
1013849,Pursuit of Justice,"Paladin Pursuit of Justice
Crossover Talent
Reduces the duration of all Disarm effects by 50% and increases movement and mounted movement speed by 15%.  This does not stack with other movement speed increasing effects.

This Mystic Enchant does not stack with the Pursuit of Justice Talent. Requires 30 Holy or 30 Protection Paladin Talents ID 1013849",Rare,Paladin,45
1013943,Blood Spatter,"Rogue Blood Spatter
Crossover Talent
Increases the damage caused by your Garrote and Rupture abilities by 30%.

This Mystic Enchant does not stack with the Blood Spatter Talent. Requires 30 Combat or 30 Subtlety Rogue Talents ID 1013943",Rare,Rogue,45
200708,Lone Wolf,"Hunter Lone Wolf
Increases your damage done by 10% as well as your ranged and melee attack speed by 15% while you do not have a pet active. ID 200708",Epic,Hunter,15
1013646,Commanding Presence,"Warrior Commanding Presence
Crossover Talent
Increases the melee attack power bonus of your Battle Shout and the health bonus of your Commanding Shout by 25%.

This Mystic Enchant does not stack with the Commanding Presence Talent. Requires 30 Arms or 30 Protection Warrior Talents ID 1013646",Rare,Warrior,45
554169,Glyph of Revenge,"Warrior Glyph of Revenge
After using Revenge, your next Heroic Strike costs no rage. ID 554169",Rare,Warrior,14
200085,Smoke Bomb,Rogue ID 200085,Artifact,Rogue,35
201040,Spot Weakness,"Hunter Spot Weakness
Your ranged attacks have a 25% chance on targets above 20% health to grant you Spot Weakness. This effect can only trigger once every 15 seconds.


 Spot Weakness
Allows the usage of your next Kill Shot regardless of the target's health state but deals 30% reduced damage if used on target's above 20% health. ID 201040",Epic,Hunter,36
200903,Flame On!,"Mage Flame On!
Your Fireball, Scorch, Frostfire Bolt and Pyroblast casts increases the critical strike chance of your next Fire Blast by 33% and reduces its mana cost by 33%, stacking up to 3 times. ID 200903",Epic,Mage,15
200100,Solar Beam,Druid ID 200100,Artifact,Druid,35
554078,Glyph of Smite,"Priest Glyph of Smite
Your Smite spell inflicts an additional 20% damage against targets afflicted by Holy Fire. ID 554078",Rare,Priest,1
200457,Localized Storm,Druid ID 200457,Epic,Druid,40
554042,Glyph of Healing Wave,"Shaman Glyph of Healing Wave
Your Healing Wave also heals you for 20% of the healing effect when you heal someone else. ID 554042",Rare,Shaman,1
201596,Fatal Counter,"Rogue Fatal Counter
Increases the damage of Riposte by 10%.

Killing an opponent that yields experience or honor allows one use of Riposte for 10 sec. ID 201596",Epic,Rogue,20
1013661,Dual Wield Specialization,"Rogue Dual Wield Specialization
Crossover Talent
Increases the damage done by your off-hand weapon by 50%.

This Mystic Enchant does not stack with the Dual Wield Specialization Talent. Requires 30 Assassination or 30 Subtlety Rogue Talents ID 1013661",Rare,Rogue,45
201072,Inferno,"Warlock Inferno
Enemies hit by your Hellfire have a 20% chance to trigger an additional Hellfire explosion, dealing 50% of the original damage. ID 201072",Epic,Warlock,30
201107,Charged Up,"Hunter Charged Up
Requires  Explosive Shot (Rank 1)
Transforms Explosive Shot into Explosive Shot (Charged Up).

This ability scales from your Explosive Shot modifiers.

 Explosive Shot (Charged Up)
You fire an explosive charge into the enemy target, dealing 273-301 Fire damage. The charge will blast the target every second for an additional 2 sec when active on a target it makes your attacks bypass 25% armor.

Useable whilst in melee range. ID 201107",Epic,Hunter,60
554110,Glyph of Ice Block,Mage ID 554110,Rare,Mage,30
554120,Glyph of Ice Armor,"Mage Glyph of Ice Armor
Your Ice Armor and Frost Armor spells grant an additional 50% armor and resistance. ID 554120",Rare,Mage,30
201448,Sinister Finisher,"Rogue Sinister Finisher
Using Sinister Strike grants Sinister Finisher.


 Sinister Finisher
Reduces the cost of your next Eviscerate by 10 and causes it to hit an additional nearby target for 15% of the damage dealt. Stacks up to 3 and lasts 12 seconds. ID 201448",Epic,Rogue,15
201528,Arcane Dominance,"Mage Arcane Dominance
Requires  Arcane Concentration (Rank 1)
Your Clearcasting effect also increases the critical strike chance of your next Arcane Missiles or Arcane Blast spell by 10%.

After killing an opponent that yields experience or honor you gain Clearcasting. ID 201528",Epic,Mage,15
1013856,Master of Elements,"Mage Master of Elements
Crossover Talent
Your spell criticals will refund 30% of their base mana cost.

This Mystic Enchant does not stack with the Master of Elements Talent. Requires 30 Arcane or 30 Frost Mage Talents ID 1013856",Rare,Mage,45
201261,Master of Arms,"Warrior Master of Arms
Requires  Mortal Strike (Rank 1)
After using Overpower, Slam or Execute your Mortal Strike deals 15% increased damage and increases your armor penetration rating by 4% of your Strength for 12 sec. Stacks up to 2 times. ID 201261",Epic,Warrior,40
201533,Shadow Reserves,"Priest Shadow Reserves
Your Spirit Tap effect also increases the damage of Shadow Word: Pain and Devouring Plague by 10%, and reduces their mana costs by 50%. ID 201533",Epic,Priest,15
200544,Blood Tracker: Deadly Bite,"Hunter Blood Tracker: Deadly Bite
Dealing damage with Mongoose Bite or Counterattack applies Deadly Bite.


 Deadly Bite
Bleeding for 263 damage over 12 sec and increases the damage taken of Raptor Strike by 10% per stack. Stacks up to 5 times. ID 200544",Legendary,Hunter,30
201171,Arctic Power Well,"Mage Arctic Power Well
Casting damaging Frost spells has a 15% chance to make your next non-Frost spell have no cost. ID 201171",Rare,Mage,45
554152,Glyph of Multi-Shot,Hunter ID 554152,Rare,Hunter,18
554128,Glyph of Eviscerate,"Rogue Glyph of Eviscerate
Increases the critical strike chance of Eviscerate by 10%. ID 554128",Rare,Rogue,1
1013773,Destructive Reach,"Warlock Destructive Reach
Crossover Talent
Increases the range of your Destruction spells by 20% and reduces threat caused by Destruction spells by 20%.

This Mystic Enchant does not stack with the Destructive Reach Talent. Requires 30 Affliction or 30 Demonology Warlock Talents ID 1013773",Rare,Warlock,45
201410,Gul'dan's Chosen,"Warlock Gul'dan's Chosen
Requires  Chaos Bolt (Rank 1)
Casting Chaos Bolt causes your Destruction spells to not consume Backdraft for 4 sec. ID 201410",Epic,Warlock,60
200557,Natural Energy,"Rogue Natural Energy
Requires  Mutilate (Rank 1)
While Envenom is active the energy cost of your Mutilate is reduced by 7. ID 200557",Epic,Rogue,40
200798,Flourishing Nourish,"Druid Flourishing Nature
Using Healing Touch or Nourish on an ally increases their healing taken from your healing over time effects by 20% for 5 sec, stacking up to 2 times. ID 200798",Epic,Druid,15
200626,Ambidextrous,"Warrior Ambidextrous
Your Heroic Strike also hits with your off-hand weapon, dealing 75% weapon damage. 

After using Heroic Strike you deal 5% increased damage with your off-hand attacks for 8 sec, stacking up to 3. ID 200626",Legendary,Warrior,30
1013692,Silent Resolve,"Priest Silent Resolve
Crossover Talent
Reduces the threat generated by your Holy and Discipline spells by 20% and reduces the chance your helpful spells and damage over time effects will be dispelled by 30%.

This Mystic Enchant does not stack with the Silent Resolve Talent. Requires 30 Holy or 30 Shadow Priest Talents ID 1013692",Rare,Priest,45
201012,Swift Favor,Paladin ID 201012,Epic,Paladin,30
200976,Baleful Hammer,"Paladin Baleful Hammer
Requires  Holy Shield (Rank 1)
Increases your armor by 10% while Holy Shield is active. Using Hammer of the Righteous increases the charges of your active Holy Shield by 4. ID 200976",Epic,Paladin,40
201531,Shadow Siphon,"Warlock Shadow Siphon
Your Shadowburn deals 25% more damage to targets below 35% health and restores 10% health when you gain a Soul Shard from Shadowburn. ID 201531",Epic,Warlock,20
201544,Twilight Reaper,"Warlock Twilight Reaper
Requires  Nightfall (Rank 1)
The Shadow Trance effect from Nightfall also reduces the mana cost of your Shadow Bolt by 100%.

Shadow Trance also makes the Shadow Bolt heal you for 50% of the damage dealt.

After killing an opponent that yields experience or honor you trigger Shadow Trance. ID 201544",Epic,Warlock,25
1013638,Improved Revenge,"Warrior Improved Revenge
Crossover Talent
Increases damage of your Revenge ability by 60% and causes Revenge to strike an additional target.

This Mystic Enchant does not stack with the Improved Revenge Talent. Requires 30 Arms or 30 Fury Warrior Talents ID 1013638",Rare,Warrior,45
200097,Earthen Spike,Shaman ID 200097,Epic,Shaman,15
1013755,Predatory Strikes,"Druid Predatory Strikes
Crossover Talent
Increases your melee attack power in Cat, Bear and Dire Bear Forms by 150% of your level and 20% of any attack power on your equipped weapon.  In addition, your finishing moves have a 20% chance per combo point to make your next Nature spell with a base casting time less than 10 sec. become an instant cast spell.

This Mystic Enchant does not stack with the Predatory Strikes Talent. Requires 30 Balance or 30 Restoration Druid Talents ID 1013755",Rare,Druid,45
201456,Nether Portal,Warlock ID 201456,Legendary,Warlock,30
1013779,Suppression,"Warlock Suppression
Crossover Talent
Increases your chance to hit with spells by 3%, and reduces the mana cost of your Affliction spells by 6%.

This Mystic Enchant does not stack with the Suppression Talent. Requires 30 Demonology or 30 Destruction Warlock Talents ID 1013779",Rare,Warlock,45
1013747,Omen of Clarity,"Druid Omen of Clarity
Crossover Talent
Each of the Druid's damage, healing spells and auto attacks has a chance of causing the caster to enter a Clearcasting state.  The Clearcasting state reduces the Mana, Rage or Energy cost of your next damage, healing spell or offensive ability by 100%.

This Mystic Enchant does not stack with the Omen of Clarity Talent. Requires 30 Balance or 30 Feral Druid Talents ID 1013747",Rare,Druid,45
554092,Glyph of Curse of Agony,"Warlock Glyph of Curse of Agony
Increases the duration of your Curse of Agony by 4 sec. ID 554092",Rare,Warlock,8
200579,Shadow of Death,"Rogue Shadow of Death
Using Ambush on a target affected by your Rupture triggers an additional 30% Shadow damage in a 10 yard radius around the target.

Hold SHIFT for more information ID 200579",Epic,Rogue,30
201460,Soul Erosion,"Warlock Soul Erosion
Dealing damage with Unstable Affliction and Curse of Agony has a 8% chance to increase the damage of your next Drain Soul by 200% (500% if the target is below 25% health). Drain Soul cast this way only lasts for 6 sec but is impervious to spell pushback.

In addition, using Drain Soul the duration of your Haunt, Unstable Affliction, and Shadow Embrace is not reduced on the target. ID 201460",Legendary,Warlock,50
201581,Shattered Renewal,"Priest Shattered Renewal
When your Power Word: Shield breaks from damage, it restores 7% base mana to you.  This can only occur once per second.

After killing an opponent that yields experience or honor your Weakened Soul is removed from you. ID 201581",Epic,Priest,15
200974,Holy Servitude,"Priest Holy Servitude
Your Greater Heal heals an additional 12% of its healing over 12 sec. This effect can stack up to 3 times. ID 200974",Epic,Priest,40
200310,Poison Bomb,Rogue ID 200310,Epic,Rogue,30
1013676,Improved Poisons,"Rogue Improved Poisons
Crossover Talent
Increases the chance to apply Deadly Poison to your target by 12% and the frequency of applying Instant Poison to your target by 30%.

This Mystic Enchant does not stack with the Improved Poisons Talent. Requires 30 Combat or 30 Subtlety Rogue Talents ID 1013676",Rare,Rogue,45
554173,Glyph of Mortal Strike,"Warrior Glyph of Mortal Strike
Increases the damage of your Mortal Strike ability by 10%. ID 554173",Rare,Warrior,40
200851,Low Tide,"Shaman Low Tide
Requires  Riptide (Rank 1)
Increases your chance to critically heal your Riptide target by 8%. ID 200851",Epic,Shaman,60
200585,Wacky Wizardry,"Mage Wacky Wizardry
Your damaging Mage spell casts have a 15% chance to cast an additional random Mage spell for free. ID 200585",Legendary,Mage,30
1013840,Improved Execute,"Warrior Improved Execute
Crossover Talent
Reduces the rage cost of your Execute ability by 5.

This Mystic Enchant does not stack with the Improved Execute Talent. Requires 30 Arms or 30 Protection Warrior Talents ID 1013840",Rare,Warrior,45
201453,Curseweaver,"Warlock Curseweaver
You can apply an additional Curse to the the same target.

Corruption deals 4% more damage per Curse that you have applied on the target. ID 201453",Epic,Warlock,15
1013725,Ancestral Healing,"Shaman Ancestral Healing
Crossover Talent
Reduces your target's physical damage taken by 10% for 15 sec after getting a critical effect from one of your healing spells.

This Mystic Enchant does not stack with the Ancestral Healing Talent. Requires 30 Elemental or 30 Enhancement Shaman Talents ID 1013725",Rare,Shaman,45
1013862,Shield Mastery,Warrior Requires 30 Arms or 30 Fury Warrior Talents ID 1013862,Rare,Warrior,45
1013821,Anticipation,"Paladin Anticipation
Crossover Talent
Increases your chance to dodge by 5%.

This Mystic Enchant does not stack with the Anticipation Talent. Requires 30 Holy or 30 Retribution Paladin Talents ID 1013821",Rare,Paladin,45
554172,Glyph of Execution,"Warrior Glyph of Execution
Your Execute ability deals damage as if you had 10 additional rage. ID 554172",Rare,Warrior,25
200353,Sunfire,Druid ID 200353,Legendary,Druid,30
200861,Words of Time,"Priest Words of Time
Requires  Borrowed Time (Rank 1)
The duration of your Borrowed Time is increased by 2 seconds and its charges can be stored up to 3 times. ID 200861",Epic,Priest,50
201452,Eternal Torment,"Warlock Eternal Torment
Requires  Haunt (Rank 1)
Casting Haunt on a target already affected by your Haunt makes it guaranteed to critically strike.

Your Haunt increases the damage of your Shadow damage-over-time effects by an additional 5%. ID 201452",Epic,Warlock,60
1013640,Puncture,"Warrior Puncture
Crossover Talent
Reduces the rage cost of your Sunder Armor and Devastate abilities by 3.

This Mystic Enchant does not stack with the Puncture Talent. Requires 30 Arms or 30 Fury Warrior Talents ID 1013640",Rare,Warrior,45
200126,Arcane Orb,Mage ID 200126,Legendary,Mage,30
1013741,Nature's Reach,"Druid Nature's Reach
Crossover Talent
Increases the range of your Balance spells and Faerie Fire (Feral) ability by 20%, and reduces the threat generated by your Balance spells by 30%.

This Mystic Enchant does not stack with the Nature's Reach Talent. Requires 30 Feral or 30 Restoration Druid Talents ID 1013741",Rare,Druid,45
201237,Faith Rekindled,"Priest Faith Rekindled
Each time your Renew heals a target they receive Faith.

 Faith
All healing received increased by 1% and healing received from your Renew increased by 5%. Stacks up to 3 times. Lasts 4 sec. ID 201237",Epic,Priest,15
554020,Glyph of Moonfire,"Druid Glyph of Moonfire
Increases the periodic damage of your Moonfire ability by 75%, but initial damage is decreased by 90%. ID 554020",Rare,Druid,4
1013956,Incineration,"Mage Incineration
Crossover Talent
Increases the critical strike chance of your Fire Blast, Scorch, Arcane Blast and Cone of Cold spells by 6%.

This Mystic Enchant does not stack with the Incineration Talent. Requires 30 Arcane or 30 Frost Mage Talents ID 1013956",Rare,Mage,45
1013954,Improved Fear,"Warlock Improved Fear
Crossover Talent
Causes your Fear spell to inflict a Nightmare on the target when the fear effect ends. The Nightmare effect reduces the target's movement speed by 30% for 5 sec.

This Mystic Enchant does not stack with the Improved Fear Talent. Requires 30 Demonology or 30 Destruction Warlock Talents ID 1013954",Rare,Warlock,45
554004,Glyph of Wrath,"Druid Glyph of Wrath
Reduces the pushback suffered from damaging attacks while casting Wrath by 50%. ID 554004",Rare,Druid,1
1013970,Genesis,"Druid Genesis
Crossover Talent
Increases the damage and healing done by your periodic spell damage and healing effects by 5%.

This Mystic Enchant does not stack with the Genesis Talent. Requires 30 Feral or 30 Restoration Druid Talents ID 1013970",Rare,Druid,45
1013643,Arcane Focus,"Mage Arcane Focus
Crossover Talent
Increases your chance to hit and reduces the mana cost of your Arcane spells by 3%.

This Mystic Enchant does not stack with the Arcane Focus Talent. Requires 30 Fire or 30 Frost Mage Talents ID 1013643",Rare,Mage,45
201468,Beastmaster's Gambit,"Hunter Beastmaster's Gambit
When you deal damage with Barbed Shot you have a 15% chance to restore a charge of it and increase the damage you deal with Barbed Shot by 30% for 6 sec. ID 201468",Epic,Hunter,35
1013704,Shadow Affinity,"Priest Shadow Affinity
Crossover Talent
Reduces the threat generated by your Shadow spells by 25%, and you receive 15% of your base mana when your Shadow Word: Pain or Vampiric Touch spells are dispelled.

This Mystic Enchant does not stack with the Shadow Affinity Talent. Requires 30 Discipline or 30 Holy Priest Talents ID 1013704",Rare,Priest,45
1013891,Marksmanship Mastery,"Hunter Marksmanship Mastery
Your attacks penetrate through 12% of the target's armor. ID 1013891",Legendary,Hunter,30
200886,Zany Zealot,"Priest Zany Zealot
Your damaging Priest spell casts have a 15% chance to cast an additional random Priest spell for free. ID 200886",Legendary,Priest,30
200620,Pure Shadow,"Warlock Pure Shadow
Casting offsensive Shadow spells increases the damage of Shadow Bolt by 1%, Shadow Crash by 5% and Shadowfury by 10%. Lasts for 15 sec and stacks up to 6 times. ID 200620",Epic,Warlock,15
202556,Celestial Power,"Druid Celestial Power
Your Starfire applies Star's Fury on targets not affected by your Moonfire. This effect does not stack with Moonfire.

Your Wrath applies Nature's Wrath on targets not affected by your Insect Swarm. This effect does not stack with Insect Swarm.

 Star's Fury
Increases the damage the target takes from your Starfire and Starsurge by 5%, stacking up to 3 times. Lasts 20 sec.

 Nature's Wrath
Increases the damage the target takes from your Wrath and Starsurge by 5%, stacking up to 3 times. Lasts 20 sec. ID 202556",Legendary,Druid,30
201511,Resurgent Waves,"Shaman Resurgent Waves
Your Lesser Healing Wave and Healing Wave has an additional 15% critical strike chance and restores 5% base mana when healing an ally below 50% health.

Healing Rain restores 6% base mana when healing an ally. This can only occur once per second. ID 201511",Epic,Shaman,15
201439,Glimmer of Light,"Paladin Glimmer of Light
Flash of Light leaves a Glimmer of Light on any friendly target healed, lasting for 15 sec.


 Glimmer of Light
Increases healing taken from the Paladin by 3%.

Healing any ally with Holy Shock also heals allies with your Glimmer of Light for 70% of the healing done. ID 201439",Legendary,Paladin,40
201225,Crackling Thunder,"Warrior Crackling Thunder
Your Thunder Clap electrifies the ground, dealing 19 Nature damage for 4 sec to nearby enemies and increasing your critical strike chance against them by 5%. 

This damage generates additional threat. ID 201225",Epic,Warrior,15
554064,Glyph of Fear Ward,Priest ID 554064,Rare,Priest,20
1013903,Light at the End of the Tunnel,"Priest Light at the End of the Tunnel
Increases the critical strike chance of your Holy Fire and Smite by 3%. In addition, consuming Surge of Light increases your spell haste by 1% for 18 sec, stacking up to 5 times. ID 1013903",Epic,Priest,15
200118,Air Ascendance,Shaman ID 200118,Legendary,Shaman,40
200858,Guardians of the Grove,"Druid Guardians of the Grove
Requires  Force of Nature
Your Treants now heal allies below 90% health using Rejuvenation and Regrowth, but no longer deals damage and their health is reduced by 50%. ID 200858",Legendary,Druid,50
200529,Blooming Power,"Druid Blooming Power
Casting Swiftmend grants you Nature's Grace  (if known) and increases the chance to critically heal with your next Regrowth or Nourish by 50%. ID 200529",Epic,Druid,40
200763,Demonic Siphon,"Warlock Demonic Siphon
When your Drain Life deals damage it also heals your summoned demon for 2% of its health and increases its damage by 3%, stacking up to 5 times. Lasts for 10 sec. ID 200763",Epic,Warlock,15
201446,Barrage Overload,"Mage Barrage Overload
Requires  Arcane Barrage (Rank 1)
Each stack of Arcane Blast empowers your Arcane Barrage to unleash bursts of pure arcane energy over a short duration, dealing 2 Arcane damage. 

Each Arcane Blast stack consumed by Arcane Barrage grants you a charge of Barrage Overload.


 Barrage Overload
Your Arcane Blast casts 20% faster but costs 40% more mana. Your Arcane Missile hits restore 2% mana. ID 201446",Legendary,Mage,60
554181,Glyph of Rending,"Warrior Glyph of Rending
Rend no longer costs rage and lasts for an additional 6 sec. ID 554181",Rare,Warrior,15
201223,Sinister Flurry,"Rogue Sinister Flurry
Your Sinister Strike has a 33% chance to trigger an additional strike which deals 75% weapon damage, awards an additional combo point and generates 10 energy. ID 201223",Legendary,Rogue,30
200142,Icy Veins,Mage Requires 30 Arcane Mage Talents ID 200142,Rare,Mage,45
1013688,Improved Mana Burn,"Priest Improved Mana Burn
Crossover Talent
Reduces the casting time of your Mana Burn spell by 1 sec.

This Mystic Enchant does not stack with the Improved Mana Burn Talent. Requires 30 Holy or 30 Shadow Priest Talents ID 1013688",Rare,Priest,45
554094,Glyph of Fear,"Warlock Glyph of Fear
Increases the damage your Fear target can take before the Fear effect is removed by 20%. ID 554094",Rare,Warlock,8
201019,Combat Rhythm,"Hunter Combat Rhythm
Using Mongoose Bite or Counterattack increases the damage done by your next Arcane Shot, Explosive Shot, or Quick Shot by 10% and reduces their mana costs by 50%. ID 201019",Epic,Hunter,15
201222,Deadly Aim,Hunter ID 201222,Epic,Hunter,20
1013732,Deflection,"Warrior Deflection
Crossover Talent
Increases your Parry chance by 5%.

This Mystic Enchant does not stack with the Deflection Talent. Requires 30 Fury or 30 Protection Warrior Talents ID 1013732",Rare,Warrior,45
200559,Booming Thunder,"Shaman Booming Thunder
Dealing damage with Lightning Bolt or Chain Lightning increases the damage, critical strike chance and critical strike damage bonus of your next Earth Shock by 6%. Stacks up to 15 times and lasts for 15 sec.

In addition, increases the chance to trigger Lightning Overload by an additional 20%. ID 200559",Legendary,Shaman,30
200091,Unending Resolve,Warlock ID 200091,Artifact,Warlock,35
201590,Heavy Thunder,"Warrior Heavy Thunder
Your Thunder Clap deals 40% more damage when using a single Two-Handed Weapon. ID 201590",Epic,Warrior,15
1013873,Frost Mastery,"Mage Frost Mastery
Increases your Frost damage done by 5% and the damage done by your Water Elemental by 10%. ID 1013873",Legendary,Mage,30
1013684,Serrated Blades,"Rogue Serrated Blades
Crossover Talent
Causes your attacks to ignore up to 9% of your target's Armor and increases the damage dealt by your Rupture ability by 30%.

This Mystic Enchant does not stack with the Serrated Blades Talent. Requires 30 Assassination or 30 Combat Rogue Talents ID 1013684",Rare,Rogue,45
1013608,Pushing the Limit,"Mage Pushing the Limit
Consuming Brain Freeze, Hot Streak or Missile Barrage increases Haste by 8% for 5 seconds. ID 1013608",Epic,Mage,50
200543,Deadly Instinct,"Hunter Deadly Instinct
Using Flanking Strike causes your next 3 Mongoose Bite or Counterattack abilities to deal 15% more damage. ID 200543",Epic,Hunter,35
200123,Ring of Frost,Mage ID 200123,Artifact,Mage,35
554034,Glyph of Holy Light,"Paladin Glyph of Holy Light
Your Holy Light grants 10% of its heal amount to up to 5 friendly targets within 8 yards of the initial target. ID 554034",Rare,Paladin,1
200318,Rain of Arrows,Hunter ID 200318,Epic,Hunter,40
201474,Hydromancer: Water Nova,"Shaman Hydromancer: Water Nova
Casting Frost Shock on an enemy leaves behind a pool of splashing water for 6 sec, dealing 148 Frost damage to nearby enemies over time.

Dealing damage with Lightning Bolt or Chain Lightning, electrifies the water, causing it to deal 495 Nature damage over 6 sec. ID 201474",Epic,Shaman,20
200098,Demonic Leap,Warlock ID 200098,Artifact,Warlock,35
1013959,Ice Floes,Mage Requires 30 Arcane or 30 Fire Mage Talents ID 1013959,Rare,Mage,45
1013977,Aggression,"Rogue Aggression
Crossover Talent
Increases the damage of your Sinister Strike, Backstab, and Eviscerate abilities by 15%.

This Mystic Enchant does not stack with the Aggression Talent. Requires 30 Assassination or 30 Subtlety Rogue Talents ID 1013977",Rare,Rogue,45
1013628,Magic Attunement,"Mage Magic Attunement
Crossover Talent
Increases the range of your Arcane spells by 6 yards and the effect of your Amplify Magic and Dampen Magic spells by 50%.

This Mystic Enchant does not stack with the Magic Attunement Talent. Requires 30 Fire or 30 Frost Mage Talents ID 1013628",Rare,Mage,45
554167,Glyph of Resonating Power,"Warrior Glyph of Resonating Power
Your Thunder Clap ability costs 5 less rage. ID 554167",Rare,Warrior,10
200116,Execution Sentence,Paladin ID 200116,Legendary,Paladin,30
1013721,Tidal Mastery,"Shaman Tidal Mastery
Crossover Talent
Increases the critical strike chance of your healing and lightning spells by 5%.

This Mystic Enchant does not stack with the Tidal Mastery Talent. Requires 30 Elemental or 30 Enhancement Shaman Talents ID 1013721",Rare,Shaman,45
201532,Revengeful Block,Warrior ID 201532,Epic,Warrior,16
1013855,Eye of the Storm,"Shaman Eye of the Storm
Crossover Talent
Reduces the pushback suffered from damaging attacks while casting Lightning Bolt, Chain Lightning, Lava Burst and Hex spells by 70%.

This Mystic Enchant does not stack with the Eye of the Storm Talent. Requires 30 Enhancement or 30 Restoration Shaman Talents ID 1013855",Rare,Shaman,45
201518,Nature's Abundance,"Druid Nature's Abundance
Reduces the mana cost of your Healing Touch by 12%.

Your effective periodic heals with Rejuvenation or Regrowth restore 2% of your base mana. This effect can only occur once every second. ID 201518",Epic,Druid,15
1013765,Shadow Reach,"Priest Shadow Reach
Crossover Talent
Increases the range of your offensive Shadow spells by 20%.

This Mystic Enchant does not stack with the Shadow Reach Talent. Requires 30 Discipline or 30 Holy Priest Talents ID 1013765",Rare,Priest,45
200807,Primordial Aftershocks,Shaman ID 200807,Epic,Shaman,40
200109,Astral Plane,Shaman ID 200109,Artifact,Shaman,35
201493,Capacitor Totem,Shaman ID 201493,Artifact,Shaman,35
201288,Centered,"Priest Centered
Casting Flash Heal, Greater Heal, Penance, Prayer of Healing, Circle of Healing and Binding Heal grants you Centered.

 Centered
Your Smite, Holy Fire, and Penance deal 2% increased damage and have 3% increased chance to hit. Stacks up to 5 times and lasts 10 sec. ID 201288",Epic,Priest,15
1013945,Improved Shields,"Shaman Improved Shields
Crossover Talent
Increases the damage done by your Lightning Shield orbs by 15%, increases the amount of mana gained from your Water Shield orbs by 15% and increases the amount of healing done by your Earth Shield orbs by 15%.

This Mystic Enchant does not stack with the Improved Shields Talent. Requires 30 Elemental or 30 Restoration Shaman Talents ID 1013945",Rare,Shaman,45
201563,Execution Verdict,"Paladin Execution Verdict
Requires  Holy Templar
Using Hammer of Wrath grants you a charge of Holy Power. Using Templar's Verdict while the target is below 35% health also grants you a charge of Holy Power.

In addition, Templar's Verdict has a 25% increased chance to critically strike on targets below 35% health. ID 201563",Epic,Paladin,30
201016,Clarity of the Mind,"Druid Clarity of the Mind
Your Omen of Clarity talent has an additional 5% chance to trigger. ID 201016",Epic,Druid,20
201602,Phantom Stab,Rogue ID 201602,Epic,Rogue,20
1013830,Healing Light,"Paladin Healing Light
Crossover Talent
Increases the amount healed by your Holy Light, Flash of Light and the effectiveness of Holy Shock spells by 12%.

This Mystic Enchant does not stack with the Healing Light Talent. Requires 30 Protection or 30 Retribution Paladin Talents ID 1013830",Rare,Paladin,45
200105,Soul Swap,Warlock ID 200105,Legendary,Warlock,30
200396,Trap Launcher,"Hunter Trap Launcher
Grants the ability to launch your Explosive Trap and Immolation Trap up to 30 yards away.


 Trap Launcher: Immolation Trap
Launches your Immolation Trap at the target location.

 Trap Launcher: Explosive Trap
Launches your Explosive Trap at the target location. ID 200396",Artifact,Hunter,16
201494,Stay Frosty,"Mage Stay Frosty
Requires  Fingers of Frost (Rank 1)
Casting damaging spells increases the chance to trigger your Fingers of Frost talent by an additional 2% until it triggers.

Casting Deep Freeze grants 1 charge of Fingers of Frost. Requires 30 Frost Mage Talents ID 201494",Epic,Mage,45
1013791,Demonic Brutality,"Warlock Demonic Brutality
Crossover Talent
Increases the effectiveness of your Voidwalker's Torment, Consume Shadows, Sacrifice and Suffering spells by 30%, and increases the attack power bonus on your Felguard's Demonic Frenzy effect by 3%.

Hold SHIFT for more information Requires 30 Affliction or 30 Destruction Warlock Talents ID 1013791",Rare,Warlock,45
1013780,Improved Curse of Weakness,"Warlock Improved Curse of Weakness
Crossover Talent
Increases the amount of attack power reduced by your Curse of Weakness by 20%.

This Mystic Enchant does not stack with the Improved Curse of Weakness Talent. Requires 30 Demonology or 30 Destruction Warlock Talents ID 1013780",Rare,Warlock,45
201534,Flame Alignment,"Mage Flame Alignment
Your Scorch deals 15% increased damage on targets affected by your Fireball. ID 201534",Epic,Mage,22
201598,Tiger's Instinct,Druid ID 201598,Epic,Druid,24
1013700,Darkness,"Priest Darkness
Crossover Talent
Increases your Shadow spell damage by 10%.

This Mystic Enchant does not stack with the Darkness Talent. Requires 30 Discipline or 30 Holy Priest Talents ID 1013700",Rare,Priest,45
201364,Unstable Void,Warlock ID 201364,Epic,Warlock,50
554063,Glyph of Dispel Magic,"Priest Glyph of Dispel Magic
Your Dispel Magic spell also heals your target for 3% of maximum health. ID 554063",Rare,Priest,18
201571,Tides of Restoration,"Shaman Tides of Restoration
Casting Lesser Healing Wave empowers your next Healing Wave, reducing its mana cost by 20% and increasing its critical chance by 10%. This effect stacks up to 3 times and lasts for 12 sec. ID 201571",Epic,Shaman,20
554089,Glyph of Conflagrate,"Warlock Glyph of Conflagrate
Your Conflagrate spell no longer consumes your Immolate or Shadowflame spell from the target. ID 554089",Rare,Warlock,40
201467,Elemental Torrent,"Mage Elemental Torrent
When your Water Elemental deals damage with Waterbolt you gain 1% haste for 10 sec, stacking up to 6 times. ID 201467",Epic,Mage,50
200857,Heating Up!,"Warlock Heating Up!
Requires  Conflagrate
Dealing direct damage with Conflagrate applies Heating Up!.

 Heating Up!
You deal 2% increased Fire damage to the target. Stacks up to 5 times and lasts for 15 sec. ID 200857",Epic,Warlock,40
201202,Swift Avenger,"Paladin Swift Avenger
Requires  Avenger's Shield (Rank 1)
Your Avenger's Shield hits up to 3 additional targets. For each target hit, you gain 10% increased movement speed. Stacks up to 5 times and lasts 4 sec. ID 201202",Epic,Paladin,50
200111,Halo,Priest ID 200111,Legendary,Priest,30
201603,Lava Ignition,"Shaman Lava Ignition
Your Lava Lash deals 30% increased damage on targets affected by your Flame Shock.

Using Lava Lash refreshes your Flame Shock duration on the target and spreads it to 4 enemies. ID 201603",Epic,Shaman,20
1013623,Permafrost,"Mage Permafrost
Crossover Talent
Increases the duration of your Chill effects by 3 secs, reduces the target's speed by an additional 10%, and reduces the target's healing received by 20%.

This Mystic Enchant does not stack with the Permafrost Talent. Requires 30 Arcane or 30 Fire Mage Talents ID 1013623",Rare,Mage,45
200975,Blessed Hammer,"Paladin Blessed Hammer
Requires  Hammer of the Righteous
Your Hammer of the Righteous deals 10% increased damage and increases your Holy damage done on enemies hit by 3% for 15 sec, stacking up to 3 times. ID 200975",Epic,Paladin,60
1013895,Holy Mastery,"Paladin Holy Mastery
Increases the critical strike chance of your spells by 4% and reduces their mana cost by 4%. ID 1013895",Legendary,Paladin,30
201487,Lava Burn,"Shaman Lava Burn
When Lava Burst critically strikes, you burn the target for an additional 20% of the damage dealt over 8 sec. ID 201487",Epic,Shaman,54
1013726,Anticipation,"Shaman Anticipation
Crossover Talent
Increases your chance to dodge by an additional 3%, and reduces the duration of all Disarm effects used against you by 50%. This does not stack with other Disarm duration reducing effects.

This Mystic Enchant does not stack with the Anticipation Talent. Requires 30 Elemental or 30 Restoration Shaman Talents ID 1013726",Rare,Shaman,45
1013735,Vile Poisons,"Rogue Vile Poisons
Crossover Talent
Increases the damage dealt by your poisons and Envenom ability by 20% and gives your damage over time poisons an additional 30% chance to resist dispel effects.

This Mystic Enchant does not stack with the Vile Poisons Talent. Requires 30 Combat or 30 Subtlety Rogue Talents ID 1013735",Rare,Rogue,45
1013616,Burning Soul,"Mage Burning Soul
Crossover Talent
Reduces the pushback suffered from damaging attacks while casting Fire spells by 70% and reduces the threat caused by your Fire spells by 20%.

This Mystic Enchant does not stack with the Burning Soul Talent. Requires 30 Arcane or 30 Frost Mage Talents ID 1013616",Rare,Mage,45
200868,Nature's Fervor,"Druid Nature's Fervor
When you fully apply Lacerate to an enemy, you gain Nature's Fervor.

 Nature's Fervor
Your next Mangle (Bear) deals 20% increased damage and 50% increased threat. 

Your next Faerie Fire reduces your Physical damage taken by 5% for 4 seconds.

Your next Lacerate deals 75% increased direct damage and 100% increased threat.

Using an empowered ability removes 2 stacks of Lacerate from the target. ID 200868",Legendary,Druid,30
200726,Swift Execution,Paladin ID 200726,Epic,Paladin,30
1013857,Elemental Weapons,"Shaman Elemental Weapons
Crossover Talent
Increases the damage caused by your Windfury Weapon effect by 40%  increases the spell damage on your Flametongue Weapon by 30% and increases the bonus healing on your Earthliving Weapon by 30%.

This Mystic Enchant does not stack with the Elemental Weapons Talent. Requires 30 Elemental or 30 Restoration Shaman Talents ID 1013857",Rare,Shaman,45
1013604,Languish,"Druid Languish
Your Starfire, Wrath and Starsurge critical strikes causes the target to take an additional 8% of your spell's damage over 4 sec. ID 1013604",Epic,Druid,15
201018,Binding Shot,Hunter ID 201018,Artifact,Hunter,35
1013666,Endurance,Rogue Requires 30 Assassination or 30 Subtlety Rogue Talents ID 1013666,Rare,Rogue,45
200611,Heavyweight,"Warrior Heavyweight
Dealing damage with Overpower or Execute grants 2 stacks, and Slam grants 1 stack of Heavyweight, increasing your physical damage by 1%, stacking up to 6 times.

After reaching max stacks you gain Ready to Crush.

 Ready to Crush
Your next Mortal Strike deals 30% increased damage and has a 30% increased critical strike chance. 

Your next Thunder Clap sends out an aftershock, dealing 150% weapon damage to nearby enemies. ID 200611",Legendary,Warrior,30
200572,Wild Felfire,"Warlock Wild Felfire
Requires  Chaos Bolt (Rank 1)
Dealing damage with Chaos Bolt calls down a fiery rain, dealing 83 Fire damage to nearby enemies every second for 4 sec. ID 200572",Epic,Warlock,60
201241,Clear Mind,"Shaman Clear Mind
Your Elemental Focus Clearcasting gains an extra charge and grants 3% spell haste. ID 201241",Epic,Shaman,20
1013723,Improved Healing Wave,"Shaman Improved Healing Wave
Crossover Talent
Reduces the casting time of your Healing Wave spell by 0.5 sec.

This Mystic Enchant does not stack with the Improved Healing Wave Talent. Requires 30 Elemental or 30 Enhancement Shaman Talents ID 1013723",Rare,Shaman,45
201240,Guardian of Ancient Kings,Paladin ID 201240,Legendary,Paladin,60
1300143,Leap of Faith,Priest ID 1300143,Artifact,Priest,35
554168,Glyph of Heroic Strike,"Warrior Glyph of Heroic Strike
You gain 10 rage when you critically strike with your Heroic Strike ability. ID 554168",Rare,Warrior,1
554274,Glyph of Claw,"Druid Glyph of Claw
Reduces the energy cost of your Claw ability by 5. ID 554274",Rare,Druid,20
1013969,Taste for Blood,"Warrior Taste for Blood
Crossover Talent
Whenever your Rend ability causes damage, you have a 100% chance of allowing the use of your Overpower ability for 9 sec.  1 charge.  This effect will not occur more than once every 6 sec.

This Mystic Enchant does not stack with the Taste for Blood Talent. Requires 30 Fury or 30 Protection Warrior Talents ID 1013969",Rare,Warrior,45
1013736,Improved Fire Nova,Shaman Requires 30 Enhancement or 30 Restoration Shaman Talents ID 1013736,Rare,Shaman,45
200076,Glyph of Quick Shot,"Hunter Glyph of Quick Shot
Increases the critical strike chance of Quick Shot by 3%. This chance is doubled on bleeding targets. ID 200076",Rare,Hunter,10
1013717,Improved Water Shield,"Shaman Improved Water Shield
Crossover Talent
You have a 100% chance to instantly gain mana as if you consumed a Water Shield Orb when you gain a critical effect from your Healing Wave or Riptide spells, a 60% chance when you gain a critical effect from your Lesser Healing Wave spell, and a 40% chance when you gain a critical effect from your Chain Heal spell.

This Mystic Enchant does not stack with the Improved Water Shield Talent. Requires 30 Elemental or 30 Enhancement Shaman Talents ID 1013717",Rare,Shaman,45
201529,Searing Flames,"Warlock Searing Flames
Your Searing Pain deals 20% increased damage on targets affected by your Immolate.

After killing an opponent that yields experience or honor your next Immolate deals 20% increased damage. ID 201529",Epic,Warlock,15
200262,Carnage Incarnate,Druid ID 200262,Legendary,Druid,30
201524,Relentless Fury,Warrior ID 201524,Epic,Warrior,15
200729,Critical Time,"Mage Critical Time
Requires  Living Bomb (Rank 1)
Your spells now have a 5% increased chance to critically strike your Living Bomb targets. ID 200729",Epic,Mage,60
1013810,Improved Aspect of the Monkey,"Hunter Improved Aspect of the Monkey
Crossover Talent
Increases the Dodge bonus of your Aspect of the Monkey and Aspect of the Dragonhawk by 6%.

This Mystic Enchant does not stack with the Improved Aspect of the Monkey Talent. ID 1013810",Rare,Hunter,45
1013828,Illumination,"Paladin Illumination
Crossover Talent
After getting a critical effect from your Flash of Light, Holy Light, or Holy Shock heal spell you have a 100% chance to gain mana equal to 30% of the base cost of the spell.

This Mystic Enchant does not stack with the Illumination Talent. Requires 30 Protection or 30 Retribution Paladin Talents ID 1013828",Rare,Paladin,45
201459,Cataclysmic Burst,"Warlock Cataclysmic Burst
Dealing damage with Incinerate extends the duration of your Immolate by 2 seconds and increases the periodic damage of Immolate by 8%, stacking up to 4 times. This effect is consumed when casting Conflagrate. ID 201459",Legendary,Warlock,30
200047,Combat Readiness,Rogue ID 200047,Artifact,Rogue,35
201599,Frenzied Slashing,"Druid Frenzied Slashing
Using Swipe (Bear) or Thrash increases your attack speed by 20% for 12 sec. This effect can only occur once every 10 seconds. ID 201599",Epic,Druid,15
200748,Prayer Circle,"Priest Prayer Circle
Casting Holy Fire reduces the cast time of your next Prayer of Healing by 50% and its mana cost by 100%. ID 200748",Epic,Priest,50
201282,Power of Generosity,Priest ID 201282,Epic,Priest,40
1013874,Arcane Mastery,"Mage Arcane Mastery
Increases your haste by 4% and increases your Intellect by 8%. ID 1013874",Legendary,Mage,30
200674,Power Through,Hunter ID 200674,Epic,Hunter,30
200513,Frozen Haste,"Mage Frozen Haste
Your Frost Bomb explosion increases your spell haste by 8% for 8 sec. The duration is increased by 3 sec for each additional target hit, up to a maximum of 20 sec. ID 200513",Epic,Mage,30
1013910,Flanking Strike,Hunter ID 1013910,Artifact,Hunter,35
1013883,Subtlety Mastery,"Rogue Subtlety Mastery
Increases the damage done by your Ambush, Backstab, Hemorrhage and finishing moves by 6%. ID 1013883",Legendary,Rogue,30
554171,Glyph of Cleaving,"Warrior Glyph of Cleaving
Increases the number of targets your Cleave hits by 1. ID 554171",Rare,Warrior,25
201226,Power Overwhelming,Mage ID 201226,Epic,Mage,30
554276,Glyph of Quick Decay,"Warlock Glyph of Quick Decay
Your haste now reduces the time between periodic damage ticks of your Corruption spell. ID 554276",Rare,Warlock,40
554050,Glyph of Lightning Shield,"Shaman Glyph of Lightning Shield
Increases the damage from Lightning Shield by 20%. ID 554050",Rare,Shaman,8
201227,Going For the Kill,"Warrior Going For the Kill
Your Execute increases the duration of your active Rend by 4 seconds and Execute refunds any extra rage cost over 15. ID 201227",Epic,Warrior,24
200125,Siegebreaker,Warrior ID 200125,Artifact,Warrior,40
201564,Wraithweaver: Shadow Orbs,"Priest Wraithweaver: Shadow Orbs
When Shadow Word: Pain, Devouring Plague or Vampiric Touch deals damage, you have a 20% chance to gain a Shadow Orb.

Shadow Orbs increases the damage of Mind Blast by 10% per orb. You can store up to 3 orbs at a time.

When fully stacked, Mind Blast consumes your Shadow Orbs to send a Shadowy Apparition towards the target dealing 316 Shadow damage to all enemies within 5 yds when it reaches the target. ID 201564",Legendary,Priest,30
201539,No Remorse,"Rogue No Remorse
Requires  Remorseless Attacks (Rank 2)
Remorseless Attacks increases the critical strike chance of the ability by 100% and also reduces its energy cost by 50%. ID 201539",Epic,Rogue,15
201132,Pious Strikes,"Paladin Pious Strikes
Your Crusader Strike and Avenger's Shield deal 10% of its damage to nearby enemies as Holy damage and restores 5% base mana. This effect generates high threat. ID 201132",Epic,Paladin,15
201469,Molten Ammo,"Hunter Molten Ammo
Requires  Explosive Shot (Rank 1)
Explosive Shot makes your next 2 Steady Shots deal an additional 70% as Fire damage. ID 201469",Epic,Hunter,60
201159,Light's Hammer,Paladin ID 201159,Artifact,Paladin,35
200372,Touch of the Magi,Mage ID 200372,Legendary,Mage,30
201568,Stalker's Mark,"Hunter Stalker's Mark
Your Mongoose Bite and Counterattack deals 15% increased damage on targets affected by Hunter's Mark. ID 201568",Epic,Hunter,15
1013738,Improved Frostbolt,"Mage Improved Frostbolt
Crossover Talent
Reduces the casting time of your Frostbolt spell by 0.5 sec.

This Mystic Enchant does not stack with the Improved Frostbolt Talent. Requires 30 Arcane or 30 Fire Mage Talents ID 1013738",Rare,Mage,45
200078,Void Eruption,Priest ID 200078,Legendary,Priest,28
1013887,Balance Mastery,"Druid Balance Mastery
Eclipse (Lunar) now increases your damage done with all spells by 5%.

Eclipse (Solar) now increases your critical strike chance with all spells by 5%. ID 1013887",Legendary,Druid,30
200895,Void Herald: Madness of the Old Gods,"Priest Void Herald: Madness of the Old Gods
Requires  Void Herald: Whispers of the Old Gods
Using Shadowfiend summons 3 Tentacle of the Old Gods near the targeted enemy.

Summoning a Tentacle of the Old Gods increases your damage by 5% for 10 sec. ID 200895",Epic,Priest,30
200143,Purgation by Light,"Priest Purgation by Light
Your Holy Fire also deals 30% of its instant damage to up to 3 enemies within 8 yards and applies its damage over time effect to each enemy hit. ID 200143",Epic,Priest,20
200064,Meteor,Mage ID 200064,Legendary,Mage,30
200590,Holy Radiance,"Priest Holy Radiance
Healing an ally with Heal, Greater Heal or Flash Heal trigger Holy Radiance on all allies affected by your Renew.

 Holy Radiance
Heals for 30% of the healing done by your Heal, Greater Heal or Flash Heal. ID 200590",Legendary,Priest,30
200586,Void Herald: Whispers of the Old Gods,"Priest Void Herald: Whispers of the Old Gods
Dealing damage with Shadow Word: Pain has a 33% chance to summon a Tentacle of the Old Gods to wreak havoc on your enemies. 

This can only trigger once every 3 seconds. ID 200586",Legendary,Priest,30
201573,Sudden Aftermath,"Warlock Sudden Aftermath
Requires  Aftermath (Rank 1)
Casting Immolate on a monster which is not in combat triggers Aftermath, slowing it by 70% for 5 sec. In addition, your Aftermath increases the damage of your Immolate by 10%. ID 201573",Epic,Warlock,15
201513,Healing Tide,Shaman ID 201513,Epic,Shaman,20
201415,Leader of the Elements,Shaman ID 201415,Epic,Shaman,60
201480,Pendulum,"Priest Pendulum
Receive 3% spell haste while above 50% mana and 3% spell critical strike chance while below 50% mana. ID 201480",Epic,Priest,15
200397,Kingsbane,Rogue ID 200397,Legendary,Rogue,30
201592,Lightburst,"Priest Lightburst
Casting Holy Fire charges your next Holy Nova, causing it to deal 25% increased damage and healing and reducing its mana cost by 100%. ID 201592",Epic,Priest,20
201331,Hydra's Sting,Hunter ID 201331,Epic,Hunter,15
200650,Temporal Haste,"Mage Temporal Haste
Casting Arcane Blast reduces the cast time of your next direct damage spell except Arcane Blast by 20%. Stacks up to 3 times and lasts 15 sec.

Hold SHIFT for more information ID 200650",Epic,Mage,24
200630,Predator's Wrath: Focus,"Druid Predator's Wrath: Focus
Casting Wrath restores 15 energy. ID 200630",Epic,Druid,15
1013901,Nature's Majesty,"Druid Nature's Majesty
Crossover Talent
Increases the critical strike chance of your Wrath, Starfire, Starfall, Nourish and Healing Touch spells by 4%.

This Mystic Enchant does not stack with the Nature's Majesty Talent. Requires 30 Feral or 30 Restoration Druid Talents ID 1013901",Rare,Druid,45
1013605,Blood and Thunder,"Warrior Blood and Thunder
Thunder Clap refreshes the duration of your Rend on your current target and spreads it to up to 5 additional targets. ID 1013605",Epic,Warrior,15
200104,Hand of Gul'dan,Warlock ID 200104,Legendary,Warlock,30
200911,Purity of Light,"Priest Purity of Light
Requires  Surge of Light (Rank 1)
Surge of Light no longer prevents a critical strike from Flash Heal or Smite and allows it to be stacked up to 2 times. However, Surge of Light only reduces the mana cost by 60%. ID 200911",Epic,Priest,35
201450,Bleeding Edge,"Rogue Bleeding Edge
You gain 4 energy whenever you deal bleed damage with Garrote or Rupture or instant damage with Crimson Tempest. ID 201450",Epic,Rogue,15
202566,Ascending Flames,Shaman ID 202566,Epic,Shaman,30
201498,Astral Alignment,"Druid Astral Alignment
Casting Moonfire, Starfire or Starsurge on an enemy increases the damage they take from your Wrath by 10% for 10 sec. Casting Wrath on an affected target restores 5% base mana. ID 201498",Epic,Druid,15
201235,Infused Gems,"Mage Infused Gems
Mana Gem grants 8% spell haste and critical strike chance for 12 sec when used.

Newly created Mana Gems have unlimited charges. ID 201235",Epic,Mage,30
200161,Controlled Aggression,Warrior ID 200161,Epic,Warrior,55
201593,Razor Sweep,"Druid Razor Sweep
Using Rake causes your next Claw or Mangle (Cat) to hit an additional nearby enemy and restore 10 energy. ID 201593",Epic,Druid,24
200949,Blood Tracker: Carving Strikes,"Hunter Blood Tracker: Chaining Glaives
Your Glaive Toss chains to an additional 2 targets and your Deadly Bite increases the damage of Glaive Toss by 20% per stack. 

In addition, using Glaive Toss on an enemy affected by your Deadly Bite slows the target by 30% for 3 sec. ID 200949",Epic,Hunter,30
201482,Totem Master: Fire,"Shaman Totem Master: Fire
All your Fire Totems now also grant the Flametongue Totem or Totem of Wrath benefits (if known) and their mana cost is decreased by 30%. ID 201482",Epic,Shaman,15
1013967,T.N.T.,"Hunter T.N.T.
Crossover Talent
You already know the T.N.T. Talent. This Mystic Enchant will not activate if applied.

Increases the damage done by your Explosive Shot,  Explosive Trap, Black Arrow and Immolation Trap by 6%.

This Mystic Enchant does not stack with the T.N.T. Talent. Requires 30 Beast Mastery or 30 Marksmanship Hunter Talents ID 1013967",Rare,Hunter,45
201184,Everliving,Druid ID 201184,Epic,Druid,40
554135,Glyph of Gouge,"Rogue Glyph of Gouge
Reduces the energy cost of Gouge by 15. ID 554135",Rare,Rogue,6
200181,Frost Bomb,Mage ID 200181,Legendary,Mage,30
201297,Abjurer's Ward: Fire,Mage ID 201297,Rare,Mage,35
201478,Tethered Power,Shaman ID 201478,Epic,Shaman,30
201289,Insatiable,"Warrior Insatiable
Dealing damage with Rend increases the damage of your next Overpower by 8%, stacking up to 5 times. Using Overpower while it's active also grants you 5 Rage per stack. ID 201289",Epic,Warrior,15
200087,Ursol's Vortex,Druid ID 200087,Artifact,Druid,35
201608,Converging Elements,Shaman ID 201608,Epic,Shaman,15
1013712,Convection,"Shaman Convection
Crossover Talent
Reduces the mana cost of your Shock, Lightning Bolt, Chain Lightning, Lava Burst, and Wind Shear spells by 10%.

This Mystic Enchant does not stack with the Convection Talent. Requires 30 Enhancement or 30 Restoration Shaman Talents ID 1013712",Rare,Shaman,45
554144,Glyph of Sinister Strike,"Rogue Glyph of Sinister Strike
Your Sinister Strike critical strikes have a 50% chance to add an additional combo point. ID 554144",Rare,Rogue,1
1013800,Deflection,"Hunter Deflection
Crossover Talent
Increases your chance to parry by 3%, and reduces the duration of all Disarm effects used against you by 50%.  This does not stack with other Disarm duration reducing effects.

This Mystic Enchant does not stack with the Deflection Talent. Requires 30 Beast Mastery or 30 Marksmanship Hunter Talents ID 1013800",Rare,Hunter,45
201056,Enduring Aegis,"Warrior Enduring Aegis
While Shield Block is active your Shield Slam can hit an additional 3 targets. Using Shield Slam extends the duration of Shield Block by 3 sec.

Your Block Value is further increased by 15% while Shield Block is active. ID 201056",Legendary,Warrior,30
201182,Fire Fire Fireball,"Mage Fire Fire Fireball
After casting Fireball 3 times in combat, your next Fireball is empowered, requiring a 20% longer cast time to unleash a wave of Fireballs at your target.

Hold SHIFT for more information ID 201182",Epic,Mage,15
554027,Glyph of Consecration,Paladin ID 554027,Rare,Paladin,10
1013905,Blessed Vengeance,"Priest Blessed Vengeance
Crossover Talent
Increases the critical strike damage of your Holy Fire, Holy Nova, Penance and Smite by 100%.

Hold SHIFT for more information ID 1013905",Rare,Priest,45
1013976,Armored to the Teeth,"Warrior Armored to the Teeth
Crossover Talent
Increases your attack power by 3 for every 108 armor value you have.

This Mystic Enchant does not stack with the Armored to the Teeth Talent. Requires 30 Arms or 30 Protection Warrior Talents ID 1013976",Rare,Warrior,45
554179,Glyph of Victory Rush,"Warrior Glyph of Victory Rush
Your Victory Rush ability has a 30% increased critical strike chance. ID 554179",Rare,Warrior,10
554220,Glyph of Raptor Strike,"Hunter Glyph of Raptor Strike
Reduces damage taken by 20% for 3 sec after using Raptor Strike. ID 554220",Rare,Hunter,1
1013703,Improved Shadow Word: Pain,"Priest Improved Shadow Word: Pain
Crossover Talent
Increases the damage of your Shadow Word: Pain spell by 6%.

This Mystic Enchant does not stack with the Improved Shadow Word: Pain Talent. Requires 30 Discipline or 30 Holy Priest Talents ID 1013703",Rare,Priest,45
1013978,Nature's Grace,"Druid Nature's Grace
Crossover Talent
All non-periodic spell criticals have a 100% chance to grace you with a blessing of nature, increasing your spell casting speed by 20% for 3 sec.

This Mystic Enchant does not stack with the Nature's Grace Talent. Requires 30 Feral or 30 Restoration Druid Talents ID 1013978",Rare,Druid,45
1013985,Agent of Chaos,Warlock ID 1013985,Epic,Warlock,60
201005,Blade Vortex,Rogue ID 201005,Epic,Rogue,30
554107,Glyph of Fire Blast,"Mage Glyph of Fire Blast
Increases the critical strike chance of Fire Blast by 50% when the target is stunned or incapacitated. ID 554107",Rare,Mage,6
200593,Blessing of the Divines,"Paladin Blessing of the Divines
Your Paladin heals have a 33% chance to trigger a random blessing. This can only occur once every 5 seconds.


 Blessing of the Divines
Increases healing taken by 5% and reduces damage taken by 5%.

 Blessing of Radiance
Heals 3 party or raid members within 30 yards of you for 287.

 Blessing of Mending
Heals 3 party or raid members within 30 yards of you every 3 seconds for 141. Lasts 15 sec. ID 200593",Legendary,Paladin,30
201447,Combat Proficiency,"Rogue Combat Proficiency
Requires  Combat Potency (Rank 1)
Increases the chance to trigger the Combat Potency talent by 50%. 

In addition, gain 10% armor penetration. ID 201447",Epic,Rogue,45
201290,Rapid Shatter,"Mage Rapid Shatter
Immediately following up Frostbolt while it is still in the air with any other spell, increases the damage of that spell by 15%. ID 201290",Epic,Mage,15
200343,Flare Strike,Hunter ID 200343,Legendary,Hunter,30
554142,Glyph of Preparation,Rogue ID 554142,Rare,Rogue,30
200592,Renewed Through Absolution,"Priest Renewed Through Absolution
Requires  Penance (Rank 1)
Penance consumes your Renew to heal your target and nearby allies for an additional 210 Holy healing.

Consuming Renew this way also reduces the duration of your active Weakened Soul by 3 sec. ID 200592",Epic,Priest,60
201136,Chaos Manifesting,"Warlock Chaos Manifesting
Requires  Chaos Bolt (Rank 1)
After casting Chaos Bolt, you receive a Fire or Shadow Empowerment, increasing your damage dealt with that school by 10% for 8 sec. ID 201136",Epic,Warlock,60
201117,Shield of Wrath,Paladin ID 201117,Epic,Paladin,50
1013869,Survival Instincts,"Hunter Survival Instincts
Crossover Talent
You already know the Survival Instincts Talent. This Mystic Enchant will not activate if applied.

Reduces all damage taken by 4% and increases the critical strike chance of your Arcane Shot, Steady Shot, and Explosive Shot by 4%.

This Mystic Enchant does not stack with the Survival Instincts Talent. Requires 30 Beast Mastery or 30 Marksmanship Hunter Talents ID 1013869",Rare,Hunter,45
200869,Atonement,"Priest Atonement
Dealing damage with Smite or Holy Fire heals a nearby ally for 285. Dealing damage with Penance heals three nearby allies for 143. Casting any of these spells grants Atonement.

When healing yourself with Atonement it is 30% less effective.

 Atonement
Increases the critical chance and reduces the mana cost of your next Flash Heal or Prayer of Healing by 20%. You can store up to 3 charges.

Hold SHIFT for more information ID 200869",Legendary,Priest,30
200768,Vampiric Death,"Priest Vampiric Death
Requires  Vampiric Touch (Rank 1)
Shadow Word: Death consumes your Vampiric Touch on the target to deal damage based on 60% of the total damage of your Vampiric Touch. In addition, the damage you take from your Shadow Word: Death is reduced by 40%. ID 200768",Epic,Priest,50
201382,Power Slam,"Warrior Power Slam
Requires  Bloodsurge (Rank 3)
Your Slam has a 50% chance to trigger your Bloodsurge talent. ID 201382",Epic,Warrior,52
200131,Enslave Demon,"Warlock Enslave Demon
Teaches you how to permanently Enslave Demons. 

 Enslave Demon
30 yd range
Begins enslaving a demon to be your companion. 

Your armor is reduced by 100% while you focus on taming the demon for 20 sec. 

If you lose the demon's attention for any reason, the enslaving process will fail. Each type of demon has unique abilities that you will be able to make use of. ID 200131",Legendary,Warlock,30
554143,Glyph of Crippling Poison,"Rogue Glyph of Crippling Poison
Increases the chance to inflict your target with Crippling Poison by an additional 20%. ID 554143",Rare,Rogue,20
200158,Wraithweaver: Echoing Shadows,Priest ID 200158,Epic,Priest,30
201048,Blood-Soaked Mutilation,"Rogue Blood-Soaked Mutilation
Requires  Mutilate (Rank 1)
Mutilate damage is increased by 6% for every active bleed effect that you have applied to the target.

Crimson Tempest has a 20% chance per combo point to allow Garrote to be used outside of stealth. When used this way Garrote does not trigger its silence effect. ID 201048",Epic,Rogue,30
201545,Verdant Insight,"Druid Verdant Insight
Increases the healing of Lifebloom by 15%.

Periodic healing from Lifebloom has a 4% chance per stack to trigger Omen of Clarity. ID 201545",Epic,Druid,50
1013904,Glyph of Surge of Light,"Priest Glyph of Surge of Light
Increases the effectiveness of Smite and Flash heal by 15% when under the effects of Surge of Light. ID 1013904",Rare,Priest,35
201584,Pyroclastic Surprise,"Mage Pyroclastic Surprise
Casting Pyroblast while you and your target are not in combat guarantees it to critically hit. ID 201584",Epic,Mage,20
200141,Stormbound Instinct,Shaman ID 200141,Legendary,Shaman,30
201277,Consecrated Weapon,"Paladin Consecrated Weapon
Your Consecration empowers your weapon for 10 sec, increasing your melee critical chance by 6% and giving attacks a chance to restore 5% base mana. ID 201277",Epic,Paladin,15
1013625,Arcane Subtlety,"Mage Arcane Subtlety
Crossover Talent
Reduces the chance your helpful spells and damage over time effects will be dispelled by 30% and reduces the threat caused by your Arcane spells by 40%.

This Mystic Enchant does not stack with the Arcane Subtlety Talent. Requires 30 Fire or 30 Frost Mage Talents ID 1013625",Rare,Mage,45
200969,Outrage,"Warrior Outrage
Requires  Enrage (Rank 5)
Your Enrage talent increases your physical damage by an additional 5%. ID 200969",Epic,Warrior,29
1013845,Unyielding Faith,"Paladin Unyielding Faith
Crossover Talent
Reduces the duration of all Fear and Disorient effects by 30%.

This Mystic Enchant does not stack with the Unyielding Faith Talent. Requires 30 Protection or 30 Retribution Paladin Talents ID 1013845",Rare,Paladin,45
201388,Counterpoise,"Warrior Counterpoise
While above 50% rage, you gain 5% melee haste. While below 50% rage, you gain 3% melee critical strike chance. ID 201388",Epic,Warrior,15
1013900,Focused Fire,"Hunter Focused Fire
Crossover Talent
All damage caused by you is increased by 2% while your pet is active and the critical strike chance of your pet's special abilities is increased by 20% while Kill Command is active.

This Mystic Enchant does not stack with the Focused Fire Talent. ID 1013900",Rare,Hunter,45
201400,War Banner,Warrior ID 201400,Artifact,Warrior,35
1013770,Improved Shadow Bolt,"Warlock Improved Shadow Bolt
Crossover Talent
Increases the damage done by your Shadow Bolt spell by 10%, and your Shadow Bolt has a 100% chance to cause your target to be vulnerable to spell damage, increasing spell critical strike chance against that target by 5%. Effect lasts 30 sec.

This Mystic Enchant does not stack with the Improved Shadow Bolt Talent. Requires 30 Affliction or 30 Demonology Warlock Talents ID 1013770",Rare,Warlock,45
1013948,Twin Disciplines,"Priest Twin Disciplines
Crossover Talent
Increases the damage and healing done by your instant spells by 5%.

This Mystic Enchant does not stack with the Twin Disciplines Talent. Requires 30 Holy or 30 Shadow Priest Talents ID 1013948",Rare,Priest,45
201324,Revitalizing Revenge,Warrior ID 201324,Epic,Warrior,44
1013746,Feral Aggression,"Druid Feral Aggression
Crossover Talent
Increases the attack power reduction of your Demoralizing Roar by 40% and the damage caused by your Ferocious Bite by 15%.

This Mystic Enchant does not stack with the Feral Aggression Talent. Requires 30 Balance or 30 Restoration Druid Talents ID 1013746",Rare,Druid,45
201546,Symbiotic Nature,"Druid Symbiotic Nature
The healing of Regrowth is increased by 15% on targets affected by your Rejuvenation and the healing of Rejuvenation is increased by 15% on targets affected by your Regrowth. ID 201546",Epic,Druid,15
201585,Cleaving Slam,"Warrior Cleaving Slam
Dealing damage with Cleave causes your next Slam to hit an additional target and cost no rage.

You can store up to 3 charges. In addition, your Cleave costs 5 less Rage. ID 201585",Epic,Warrior,20
200925,Wind Lash,"Shaman Wind Lash
Requires  Two-Handed Weapon
Teaches you Wind Lash.

 Wind Lash
Strike your target twice, hitting each for 100% weapon damage plus 24. Damage is increased by 25% if your weapon is enchanted with Windfury Weapon. ID 200925",Legendary,Shaman,30
201579,Brutal Execution,"Warrior Brutal Execution
Killing an enemy with Execute refunds 30 Rage and causes a bloody explosion, dealing 276 damage to enemies within 5 yards. ID 201579",Epic,Warrior,24
1013808,Mortal Shots,"Hunter Mortal Shots
Crossover Talent
Increases the critical strike damage bonus of your ranged abilities by 30%.

This Mystic Enchant does not stack with the Mortal Shots Talent. ID 1013808",Rare,Hunter,45
201538,Intense Focus,Priest ID 201538,Epic,Priest,20
554175,Glyph of Whirlwind,Warrior ID 554175,Rare,Warrior,30
1013885,Guardian Mastery,"Druid Guardian Mastery
Increases your maximum health by 4% and your chance to critically strike by 4%. ID 1013885",Legendary,Druid,30
200607,Branding Zeal,"Paladin Branding Zeal
Increases the damage of your Seal of Righteousness by 20%. 

Using a Judgement empowers Exorcism, Holy Shock and Holy Wrath, allowing them to trigger your Seal of Righteousness for 10 sec. ID 200607",Epic,Paladin,15
200908,Predator's Wrath: Wrathful Strikes,"Druid Predator's Wrath: Wrathful Strikes
Requires  Predatory Strikes (Rank 3)
Your finishing moves have a 20% chance per combo point spent to grant you Wrathful Strikes.

 Wrathful Strikes
Your next Wrath can be cast in Cat Form, is instant, and deals additional damage based on 30% of your Attack Power. ID 200908",Legendary,Druid,30
554096,Glyph of Voidwalker,"Warlock Glyph of Voidwalker
Increases your Voidwalker's total Stamina by 20%. ID 554096",Rare,Warlock,10
201429,Savage Frenzy,"Druid Savage Frenzy
Each stack of your Feral Frenzy bleed increases the damage done of your abilities versus the target by 2%.

Every time you hit with Feral Frenzy the duration of your Savage Roar is increased by 6 sec. ID 201429",Epic,Druid,30
200605,Accelerated Ascension,Priest ID 200605,Epic,Priest,20
201419,Decisive Decimation,"Warlock Decisive Decimation
Requires  Conflagrate
Casting Conflagrate reduces the cast time of your next Soul Fire by 30% and removes the Soul Shard cost. ID 201419",Epic,Warlock,40
201100,Wanding,"Priest Wanding
Wand attacks grant you stacks that increase the cast speed of your next spell by 5%, stacks up to 5 times and lasts 6 sec. ID 201100",Epic,Priest,15
201156,Armor of Faith,"Priest Armor of Faith
When you cast Heal, Greater Heal, Flash Heal or Penance on an ally with Weakened Soul, they receive Armor of Faith, which heals them and up to 4 nearby allies for 15% of the heal that granted it after its duration is over or when they take damage. ID 201156",Legendary,Priest,30
200924,Ungrounded,"Shaman Ungrounded
While Lightning Shield is active your Lightning Bolt and Chain Lightning deals 7% more damage and restores 7% base mana but consumes 1 charge of Lightning Shield. In addition, your Lightning Shield gains 2 extra charges. 

Dealing damage with Earth Shock casts a new Lightning Shield. ID 200924",Epic,Shaman,15
200802,Endless Flames,"Warlock Endless Flames
Increases the duration of Pyroclasm and Shadowflame by 6 seconds. Additionally, Shadowflame deals 15% increased damage. ID 200802",Epic,Warlock,38
201609,Gladiator Stance,Warrior Requires 20 Protection Warrior Talents ID 201609,Legendary,Warrior,30
1013889,Restoration Mastery,"Shaman Restoration Mastery
Increases the amount healed from your Chain Heal, Healing Wave and Lesser Healing wave by 6%. ID 1013889",Legendary,Shaman,30
200072,Divine Star,Priest ID 200072,Legendary,Priest,28
1013881,Assassination Mastery,"Rogue Assassination Mastery
Increases the damage of your Poisons by 8% and the damage of your Envenom by 5%. ID 1013881",Legendary,Rogue,30
200149,Glyph of Shamanistic Strikes,"Shaman Glyph of Shamanistic Strikes
Increases the damage dealt by Primal Strike and Stormstrike by 5%. ID 200149",Rare,Shaman,1
200776,Twilight Paragon,"Priest Twilight Paragon
Dealing direct damage with Smite and Holy Fire grants you Paragon of Light.

 Paragon of Light
Increases the damage of your Smite by 1%. Decreases the damage taken from your Shadow Word: Death by 10%. Stacks up to 8 times and lasts 12 sec.
Shadow Word: Death consumes these stacks to deal Twilight damage based on the number of stacks consumed and granting you Paragon of Darkness.

 Paragon of Darkness
Your Mind Flay, Mind Sear and Shadow Word: Pain deal additional Twilight damage and Mind Flay and Mind Sear gain an additional damage tick over their duration. 

Reduces the pushback suffered from damaging attacks while chanelling Mind Flay and Mind Sear by 70%.

Dealing Twilight damage increases the duration of Shadow Word: Pain by 3 sec. ID 200776",Legendary,Priest,46
200074,Ironfur,Druid ID 200074,Legendary,Druid,30
201595,Arcane Cascade,"Mage Arcane Cascade
Your Arcane Blast applies an Arcane Charge on the target and when dealing damage with Arcane Explosion on an affected target the charge triggers, dealing Arcane damage to nearby enemies and restoring 6% base mana.

Subsequent casts on targets with Arcane Charge will apply it to nearby targets. ID 201595",Epic,Mage,24
1013769,Bane,"Warlock Bane
Crossover Talent
Reduces the casting time of your Shadow Bolt. Chaos Bolt and Immolate spells by 0.5 sec and your Soul Fire spell by 2 sec.

This Mystic Enchant does not stack with the Bane Talent. Requires 30 Affliction or 30 Demonology Warlock Talents ID 1013769",Rare,Warlock,45
1013658,Improved Gouge,"Rogue Improved Gouge
Crossover Talent
Increases the effect duration of your Gouge ability by 1.5 sec.

This Mystic Enchant does not stack with the Improved Gouge Talent. Requires 30 Assassination or 30 Subtlety Rogue Talents ID 1013658",Rare,Rogue,45
200955,Massacre,Rogue ID 200955,Epic,Rogue,60
200644,Spirited Penance,"Priest Spirited Penance
Requires  Penance (Rank 1)
Penance channel time now lasts long enough to fire an extra bolt. ID 200644",Epic,Priest,60
201488,Elemental Blast,Shaman ID 201488,Epic,Shaman,40
201486,Forked Lightning,"Shaman Forked Lightning
Chain Lightning zaps the target and while a nearby enemy exists, a fork of lightning jumps between the target and the nearby enemy dealing 19 Nature damage every second for 5 seconds. ID 201486",Epic,Shaman,30
200075,Holy Templar: Light of Dawn,Paladin ID 200075,Epic,Paladin,30
1013878,Holy Mastery,"Priest Holy Mastery
Increases the amount healed from your Flash Heal, Greater Heal, Prayer of Healing by 5% and reduces the mana cost of those spells by 5%. ID 1013878",Legendary,Priest,30
200066,Chosen of Elune,Druid ID 200066,Legendary,Druid,50
200110,Gift of Light,Paladin ID 200110,Legendary,Paladin,30
201589,Concussive Trauma,"Hunter Concussive Trauma
Your Concussive Shot causes the target to take 12% increased damage from your ranged and melee abilities.

In addition, Concussive Shot no longer costs mana. ID 201589",Epic,Hunter,15
200145,Fury Unleashed,Druid ID 200145,Legendary,Druid,30
200122,Raging Blow,Warrior ID 200122,Legendary,Warrior,30
201139,Cycles of Growth,"Druid Cycles of Growth
Increases the periodic healing of Lifebloom by 50%, but reduces the healing of the Bloom by 50%.

Your Regrowth refreshes the duration of your Lifebloom on the target. This does not work if the target is already affected or recently affected by your Regrowth. ID 201139",Epic,Druid,50
1013839,Improved Cleave,"Warrior Improved Cleave
Crossover Talent
Increases the bonus damage done by your Cleave ability by 120%.

This Mystic Enchant does not stack with the Improved Cleave Talent. Requires 30 Arms or 30 Protection Warrior Talents ID 1013839",Rare,Warrior,45
201256,Flow of Life,"Druid Flow of Life
Requires  Tranquility (Rank 1)
Transforms Tranquility into Flow of Life.

 Flow of Life
Heals the 5 lowest health nearby party or raid members for 368 Every 2 seconds for 8 seconds and restores 2 seconds of your active heal over Time effects on allies healed. ID 201256",Legendary,Druid,30
201185,Energizing Prayer,Priest ID 201185,Epic,Priest,20
201516,Shock Tactics,"Shaman Shock Tactics
Increases the critical strike chance of your Shock spells by 15%. ID 201516",Epic,Shaman,15
200993,Powershot,Hunter ID 200993,Legendary,Hunter,30
554049,Glyph of Flame Shock,"Shaman Glyph of Flame Shock
Increases the critical strike damage bonus of your Flame Shock damage by 60%. ID 554049",Rare,Shaman,10
200916,Trisolaris,"Mage Trisolaris
The periodic damage of Pyroblast can now stack up to 3 times. ID 200916",Epic,Mage,20
554101,Glyph of Arcane Missiles,"Mage Glyph of Arcane Missiles
Increases the critical strike damage bonus of Arcane Missiles and Arcane Barrage by 25%. ID 554101",Rare,Mage,8
201361,Veiled Wire,"Rogue Veiled Wire
Requires  Shadow Dance
While Shadow Dance is active your Garrote hits 4 nearby targets. ID 201361",Epic,Rogue,60
200888,Deranged Druid,"Druid Deranged Druid
Your damaging Druid spell casts and Feral abilities have a 15% chance to cast an additional random Druid spell for free. ID 200888",Legendary,Druid,30
1013631,Improved Thunder Clap,"Warrior Improved Thunder Clap
Crossover Talent
Reduces the cost of your Thunder Clap ability by 4 rage points and increases the damage by 30% and the slowing effect by an additional 10%.

This Mystic Enchant does not stack with the Improved Thunder Clap Talent. Requires 30 Arms or 30 Fury Warrior Talents ID 1013631",Rare,Warrior,45
200124,Healing Rain,Shaman ID 200124,Legendary,Shaman,30
201165,Holy Power Well,"Priest Holy Power Well
Casting damaging Holy spells has a 15% chance to make your next non-Holy spell have no cost. ID 201165",Rare,Priest,45
201580,Psychic Infusion,"Priest Psychic Infusion
Using Psychic Scream also roots the enemy. 

Psychic Scream on enemies affected by your Shadow Word: Pain restores 10% of your mana. ID 201580",Epic,Priest,15
1013626,Improved Counterspell,"Mage Improved Counterspell
Crossover Talent
Your Counterspell also silences the target for 4 sec.

This Mystic Enchant does not stack with the Improved Counterspell Talent. Requires 30 Fire or 30 Frost Mage Talents ID 1013626",Rare,Mage,45
200621,Shadow Crash,Warlock ID 200621,Legendary,Warlock,30
201606,Elemental Harmony,"Shaman Elemental Harmony
Healing an ally to full health makes your next Lightning Bolt or Chain Lightning cost no mana. Lasts 30 sec. Holds up to 3 charges. ID 201606",Epic,Shaman,15
1013897,Fury Mastery,"Warrior Fury Mastery
Increases your chance to hit with your off-hand auto attacks by 6% and your critical strike chance by 3%. ID 1013897",Legendary,Warrior,30
201560,Holy Templar,"Paladin Holy Templar
Crusader Strike, Divine Storm and Holy Shock grant you Holy Power, which stacks up to 5 times.

You can consume 3 Holy Power to use Templar's Verdict or Word of Glory.


 Templar's Verdict
A powerful strike that deals 150% weapon damage.

 Word of Glory
Heals a friendly target for 416 and another 306 over 6 sec. ID 201560",Legendary,Paladin,30
201393,Spark of Hope,"Paladin Spark of Hope
Your Holy Light and Flash of Light has an additional 12% critical strike chance when healing an ally below 50% health. ID 201393",Epic,Paladin,15
201454,Agonizing Coil,Warlock ID 201454,Epic,Warlock,42
1013709,Inspiration,"Priest Inspiration
Crossover Talent
Reduces your target's physical damage taken by 10% for 15 sec after getting a critical effect from your Flash Heal, Heal, Greater Heal, Binding Heal, Penance, Prayer of Mending, Prayer of Healing, or Circle of Healing spell.

This Mystic Enchant does not stack with the Inspiration Talent. Requires 30 Discipline or 30 Shadow Priest Talents ID 1013709",Rare,Priest,45
200671,Venomous Edge,"Rogue Venomous Edge
Dealing damage with Envenom increases the critical strike chance of your combo point generating abilities by 3%. Stacks up to 3 times and lasts for 15 sec. In addition, using Kingsbane triggers Overkill (if learned). ID 200671",Epic,Rogue,40
201333,Fierce Vengeance,"Paladin Fierce Vengeance
Requires  Vengeance (Rank 3)
Your Vengeance talent can stack up an additional time.

Hold SHIFT for more information ID 201333",Epic,Paladin,35
200577,Assuaging Shadows,Rogue ID 200577,Legendary,Rogue,60
1013745,Moonglow,"Druid Moonglow
Crossover Talent
Reduces the Mana cost of your Moonfire, Starfire, Starfall, Wrath, Healing Touch, Nourish, Regrowth and Rejuvenation spells by 9%.

This Mystic Enchant does not stack with the Moonglow Talent. Requires 30 Feral or 30 Restoration Druid Talents ID 1013745",Rare,Druid,45
1013633,Improved Charge,"Warrior Improved Charge
Crossover Talent
Increases the amount of rage generated by your Charge ability by 10.

This Mystic Enchant does not stack with the Improved Charge Talent. Requires 30 Fury or 30 Protection Warrior Talents ID 1013633",Rare,Warrior,45
200052,Tether Elemental,Shaman ID 200052,Legendary,Shaman,30
201178,Elune's Fury,"Druid Elune's Fury
Moonfire hits an additional target and grants 3% haste for 18 sec, stacking 2 times. ID 201178",Epic,Druid,15
200152,Soul Link,Warlock Requires 30 Affliction or 30 Destruction Warlock Talents ID 200152,Epic,Warlock,45
201356,Predator's Wrath: Combo,"Druid Predator's Wrath: Combo
Casting Wrath awards 2 combo points. ID 201356",Epic,Druid,15
200889,Eccentric Elementalist,"Shaman Eccentric Elementalist
Your damaging Shaman spell casts have a 15% chance to cast an additional random Shaman spell for free. ID 200889",Legendary,Shaman,30
554209,Glyph of Berserk,"Druid Glyph of Berserk
Increases the duration of Berserk by 5 sec. ID 554209",Rare,Druid,60
1013607,Spell Block,"Warrior Spell Block
Shield Block also reduces all magic damage taken by 20% but its duration is reduced by 2 seconds. ID 1013607",Epic,Warrior,16
554151,Glyph of Mending,"Hunter Glyph of Mending
Increases the healing done by your Mend Pet ability by 40%. ID 554151",Rare,Hunter,10
201381,Repartee,Rogue ID 201381,Epic,Rogue,20
200935,Frugal Disposition,"Shaman Frugal Disposition
When you overheal with Lesser Healing Wave, your target receives half the overhealing periodically over 6 seconds. ID 200935",Epic,Shaman,20
554007,Glyph of Maul,"Druid Glyph of Maul
Your Maul ability hits 1 additional target. ID 554007",Rare,Druid,10
201279,Jab Cross,"Warrior Jab Cross
Requires  Devastate (Rank 1)
Dealing damage with Devastate increases the critical strike chance of your next single target melee ability by 15%. ID 201279",Epic,Warrior,50
1013764,Improved Renew,"Priest Improved Renew
Crossover Talent
Increases the amount healed by your Renew spell by 15%.

This Mystic Enchant does not stack with the Improved Renew Talent. Requires 30 Discipline or 30 Shadow Priest Talents ID 1013764",Rare,Priest,45
201296,Abjurer's Ward: Arcane,Mage ID 201296,Rare,Mage,35
554052,Glyph of Fire Nova,Shaman ID 554052,Rare,Shaman,12
200950,Savage Momentum,Hunter ID 200950,Epic,Hunter,20
201491,Sundering,Shaman ID 201491,Artifact,Shaman,35
554002,Glyph of Regrowth,"Druid Glyph of Regrowth
Increases the healing of your Regrowth spell by 20% if your Regrowth effect is still active on the target. ID 554002",Rare,Druid,12
1013835,Seals of the Pure,"Paladin Seals of the Pure
Crossover Talent
Increases the damage done by your Seal of Righteousness, Seal of Vengeance and Seal of Corruption and their Judgement effects by 15%.

This Mystic Enchant does not stack with the Seals of the Pure Talent. Requires 30 Protection or 30 Retribution Paladin Talents ID 1013835",Rare,Paladin,45
554138,Glyph of Garrote,"Rogue Glyph of Garrote
Reduces the duration of your Garrote ability by 3 sec and increases the total damage it deals by 20%. ID 554138",Rare,Rogue,14
1013670,Camouflage,Rogue Requires 30 Assassination or 30 Combat Rogue Talents ID 1013670,Rare,Rogue,45
201537,Crusader's Judgement,"Paladin Crusader's Judgement
Your Crusader Strike deals 20% additional damage on targets affected by a Judgement effect. ID 201537",Epic,Paladin,15
554065,Glyph of Flash Heal,"Priest Glyph of Flash Heal
Reduces the mana cost of your Flash Heal by 10%. ID 554065",Rare,Priest,20
1013762,Improved Rejuvenation,"Druid Improved Rejuvenation
Crossover Talent
Increases the effect of your Rejuvenation spell by 15%.

This Mystic Enchant does not stack with the Improved Rejuvenation Talent. Requires 30 Balance or 30 Feral Druid Talents ID 1013762",Rare,Druid,45
201556,Kindling,"Mage Kindling
Blast Wave no longer knocks back and the critical strike chance of Blast Wave and Dragon's Breath is increased by 10%.

Your Firestarter talent allows you to cast 2 Flamestrikes. ID 201556",Epic,Mage,50
201604,Electric Surge,"Shaman Electric Surge
Requires  Flurry (Rank 1)
Casting Lightning Bolt or Chain Lightning triggers the highest known rank of your Flurry talent.


 Flurry
Increases your attack speed by 10% for your next 3 swings after dealing a melee critical strike. ID 201604",Epic,Shaman,25
1013827,Spiritual Focus,"Paladin Spiritual Focus
Crossover Talent
Reduces the pushback suffered from damaging attacks while casting Flash of Light and Holy Light by 70%.

This Mystic Enchant does not stack with the Spiritual Focus Talent. Requires 30 Protection or 30 Retribution Paladin Talents ID 1013827",Rare,Paladin,45
201485,Molten Outburst,"Shaman Molten Outburst
Dealing damage with Lava Burst against an enemy in your Earthquake causes an eruption, dealing 242 Fire damage to nearby enemies.

Earthquake no longer costs any mana. ID 201485",Epic,Shaman,46
554184,Glyph of Devastate,"Warrior Glyph of Devastate
Your Devastate ability now applies two stacks of Sunder Armor. ID 554184",Rare,Warrior,50
1013803,Efficiency,"Hunter Efficiency
Crossover Talent
Reduces the Mana cost of your Shots and Stings by 20%.

This Mystic Enchant does not stack with the Efficiency Talent. ID 1013803",Rare,Hunter,45
200088,Mass Entanglement,Druid ID 200088,Artifact,Druid,35
201224,A Quick Death,"Warrior A Quick Death
Using Execute grants you 3% melee haste, 1% critical strike chance and increases your Bladestorm damage by 6% stacking up to 5 times and lasts for 20 sec. ID 201224",Epic,Warrior,24
200067,Mass Invisibility,Mage ID 200067,Artifact,Mage,35
200860,Words of Healing,Priest ID 200860,Epic,Priest,50
200166,Divine Sacrifice,Paladin Requires 30 Holy or 30 Retribution Paladin Talents ID 200166,Epic,Paladin,45
200952,Dusk Till Dawn,"Warlock Dusk Till Dawn
Casting Shadow Bolt, Incinerate, Soul Fire, Searing Pain or Chaos Bolt grants you Dusk Till Dawn.

 Dusk Till Dawn
Increases the damage of your next Shadowburn by 10%. Stacks up to 3 times and lasts 15 sec.

When used at 3 stacks, Shadowburn applies Corruption to the target and doesn't cost a Soul Shard. ID 200952",Epic,Warlock,20
200571,Demonic Reoccurence,Warlock ID 200571,Legendary,Warlock,60
200083,Shimmer,Mage ID 200083,Artifact,Mage,35
200896,Hydromancer: Conductor,"Shaman Hydromancer: Conductor
Dealing damage with Water Bolt or Frost Shock increases your chance to trigger Lightning Overload by 10%, stacking 3 times. Lasts for 8 sec. ID 200896",Epic,Shaman,45
554051,Glyph of Chain Lightning,"Shaman Glyph of Chain Lightning
Your Chain Lightning strikes 1 additional target. ID 554051",Rare,Shaman,30
202552,Stellar Convergence,Druid ID 202552,Epic,Druid,32
1013714,Earth's Grasp,Shaman Requires 30 Elemental or 30 Restoration Shaman Talents ID 1013714,Rare,Shaman,45
200547,Ice Barrage,"Mage Ice Barrage
Dealing damage with Frostbolt and Frostfire Bolt generates an Icicle. You can store up to 5 Icicles. At 5 stacks, your Ice Lance will treat the target as frozen.

Dealing damage with Ice Lance rapidly launches your stored Icicles at the target, dealing 241 Frost damage.

Hold SHIFT for more information ID 200547",Legendary,Mage,30
201547,Steady Shooting,"Hunter Steady Shooting
Using Steady Shot right after another Steady Shot reduces its cast time by 30% and its mana cost by 100%. ID 201547",Epic,Hunter,30
201027,Fury of the Wind,"Shaman Fury of the Wind
Your Windfury Weapon can jump to 2 nearby enemies but each jump reduces its damage by 25%.

If no other enemies are nearby the wind jumps to you instead, increasing your armor penetration by 20% for 10 sec. ID 201027",Epic,Shaman,30
200203,Stormhammer,Warrior ID 200203,Legendary,Warrior,30
201543,Icy Slaughter,Mage ID 201543,Epic,Mage,20
201047,Thundering Blow,Warrior ID 201047,Epic,Warrior,60
1013649,Improved Demoralizing Shout,"Warrior Improved Demoralizing Shout
Crossover Talent
Increases the melee attack power reduction of your Demoralizing Shout by 40%.

This Mystic Enchant does not stack with the Improved Demoralizing Shout Talent. Requires 30 Arms or 30 Protection Warrior Talents ID 1013649",Rare,Warrior,45
201097,Wingman,Warrior ID 201097,Epic,Warrior,26
200114,Crimson Tempest,"Rogue Crimson Hunger
Crimson Tempest deals double damage to your main target. 

When Wound Poison strikes a bleeding enemy, it deals additional bleed damage and puts you into a Crimson Hunger.


 Crimson Hunger
Increases the damage of your Rogue bleeds by 2% for 20 sec seconds, stacking up to 30 times. ID 200114",Legendary,Rogue,30
1013767,Cataclysm,"Warlock Cataclysm
Crossover Talent
Reduces the Mana cost of your Destruction spells by 10%.

This Mystic Enchant does not stack with the Cataclysm Talent. Requires 30 Affliction or 30 Demonology Warlock Talents ID 1013767",Rare,Warlock,45
202565,Iron Guard,"Warrior Iron Guard
Your successful blocks further reduce the damage you take from the hit by 15%. ID 202565",Epic,Warrior,15
201332,Frenzied Growth,"Druid Frenzied Growth
Wild Growth healing is increased by 100% but its duration is reduced by 3 sec and it heals 2 less targets. ID 201332",Epic,Druid,60
200981,Steady Pace,"Hunter Steady Pace
Requires  Improved Steady Shot (Rank 3)
Your Improved Steady Shot has a 100% chance to trigger and can also be triggered by Quick Shot. ID 200981",Epic,Hunter,60
200556,Festering Wound,"Rogue Festering Wound
Requires  Mutilate (Rank 1)
Your Mutilate critical strikes apply Festering Wound. In addition, your Deadly Poison can stack up to 8 and your Envenom damage is increased by 5% for each stack above 5.

 Festering Wound
Increases your Nature damage dealt to the target by 1%. Stacks up to 5 times and lasts 10 sec. ID 200556",Legendary,Rogue,30
201566,Frozen Conduit,"Mage Frozen Conduit
Casting Frostbolt reduces the mana cost of your next Blizzard by 15%, stacking up to 3 times. ID 201566",Epic,Mage,20
200240,Bulwark,Warrior ID 200240,Legendary,Warrior,30
201591,Promise of Renewal,"Priest Promise of Renewal
Casting Renew on an ally above 75% health reduces the mana cost of your next direct healing spell by 30% and increases its critical strike chance by 15%. ID 201591",Epic,Priest,15
201179,Savagery,Hunter ID 201179,Epic,Hunter,15
201230,Bloodthirsty,Warrior ID 201230,Epic,Warrior,40
1300144,Heroic Leap,Warrior Requires 20 Fury Warrior Talents ID 1300144,Artifact,Warrior,35
200115,Bloodbath,Warrior ID 200115,Legendary,Warrior,40
200570,Demonic Influence,"Warlock Demonic Influence
Requires  Metamorphosis
While in Metamorphosis your Demon and Wild Imps deal 20% increased damage. ID 200570",Epic,Warlock,60
201385,Adrenaline Junkie,Rogue ID 201385,Epic,Rogue,40
1013744,Brambles,"Druid Brambles
Crossover Talent
Damage from your Thorns and Entangling Roots increased by 75% and damage done by your Treants increased by 15%. In addition, damage from your Treants and attacks done to you while you have Barkskin active have a 15% chance to daze the target for 3 sec.

This Mystic Enchant does not stack with the Brambles Talent. Requires 30 Feral or 30 Restoration Druid Talents ID 1013744",Rare,Druid,45
201160,Blades of Blood,"Warrior Blades of Blood
After using Charge your next Whirlwind or Bladestorm applies Rend to targets hit. ID 201160",Epic,Warrior,30
200718,Blink of the Warden,Mage ID 200718,Epic,Mage,20
201195,Fire Walk With Me,"Mage Fire Walk With Me
Your Flamestrike now increases the movement speed of allies who walk through it by 40%. ID 201195",Epic,Mage,22
1013896,Retribution Mastery,"Paladin Retribution Mastery
Increases your chance to critically strike with attacks by 4% and increases all Holy damage done by 4%. ID 1013896",Legendary,Paladin,30
201437,Sacred Light,Paladin Requires 20 Holy Paladin Talents ID 201437,Epic,Paladin,55
1013751,Ferocity,"Druid Ferocity
Crossover Talent
Reduces the cost of your Maul, Swipe, Claw, Rake and Mangle abilities by 5 Rage or Energy.

This Mystic Enchant does not stack with the Ferocity Talent. Requires 30 Balance or 30 Restoration Druid Talents ID 1013751",Rare,Druid,45
200722,Celestial Replenishment,"Druid Celestial Replenishment
Triggering an Eclipse now restores 24% of your missing mana. ID 200722",Epic,Druid,50
200153,Soul Restoration,"Priest Soul Restoration
Casting Flash Heal or Greater Heal on an ally with Weakened Soul reduces its duration by 2 sec. ID 200153",Epic,Priest,20
200724,Esoteric Power,"Mage Esoteric Power
Arcane Blast can stack up to 5 times. Each stack gives Arcane Blast casts a 10% chance to deal 15% bonus damage to the enemy hit. ID 200724",Epic,Mage,24
554405,Black Widow Strike,Hunter ID 554405,Epic,Hunter,50
200089,Stampeding Roar,Druid ID 200089,Artifact,Druid,35
1013722,Totemic Focus,"Shaman Totemic Focus
Crossover Talent
Reduces the mana cost of your totems by 25%.

This Mystic Enchant does not stack with the Totemic Focus Talent. Requires 30 Elemental or 30 Enhancement Shaman Talents ID 1013722",Rare,Shaman,45
11880,Viscera,Druid ID 11880,Epic,Druid,50
1013699,Ice Shards,"Mage Ice Shards
Crossover Talent
Increases the critical strike damage bonus of your Frost spells by 100%.

This Mystic Enchant does not stack with the Ice Shards Talent. Requires 30 Arcane or 30 Fire Mage Talents ID 1013699",Rare,Mage,45
201320,Methodical Approach,"Rogue Methodical Approach
Dealing damage with Ambush reduces the energy cost of your next Eviscerate by 10 and causes it to increase the duration of Rupture by 8 sec. ID 201320",Epic,Rogue,18
554053,Glyph of Flametongue Weapon,"Shaman Glyph of Flametongue Weapon
Increases spell critical strike chance by 2% while Flametongue Weapon is active. ID 554053",Rare,Shaman,10
1300147,Efflorescence,Druid ID 1300147,Legendary,Druid,30
200117,Blood Tracker: Glaive Toss,Hunter ID 200117,Epic,Hunter,30
201380,Shield Master's Resolve,"Warrior Shield Master's Resolve
Taking melee or ranged damage while below 35% health grants you Shield Block for 4 seconds. This can only occur once every 60 seconds. Will not trigger if Shield Block is already active.

In addition, damage taken while you are below 35% health is reduced by 10%. ID 201380",Epic,Warrior,16
1013713,Reverberation,Shaman Requires 30 Enhancement or 30 Restoration Shaman Talents ID 1013713,Rare,Shaman,45
554254,Glyph of Metamorphosis,"Warlock Glyph of Metamorphosis
Increases the duration of your Metamorphosis by 6 sec. ID 554254",Rare,Warlock,10
200631,Overwhelming Rage,"Warrior Overwhelming Rage
Your maximum rage is increased by 20.

You generate 20% more rage from damage dealt. ID 200631",Epic,Warrior,15
1013659,Close Quarters Combat,"Rogue Close Quarters Combat
Crossover Talent
Increases your chance to get a critical strike with Daggers and Fist Weapons by 5%.

This Mystic Enchant does not stack with the Close Quarters Combat Talent. Requires 30 Assassination or 30 Subtlety Rogue Talents ID 1013659",Rare,Rogue,45
554244,Glyph of Mutilate,"Rogue Glyph of Mutilate
Reduces the cost of Mutilate by 5 energy. ID 554244",Rare,Rogue,30
200730,Hot Hands,"Mage Hot Hands
Requires  Pyroblast (Rank 1)
Requires  Hot Streak (Rank 1)
Pyroblast is also able to trigger Hot Streak. ID 200730",Legendary,Mage,50
200613,Overflow,"Druid Overflow
Casting Nourish or Regrowth reduces the cast time and mana cost of your next Healing Touch by 15%, stacking up to 3. When fully stacked, your next Healing Touch overflows, healing 3 allies within 15 yards of the target for 30% of the amount and is guaranteed to trigger a Seed of Life on the target. ID 200613",Legendary,Druid,30
201436,One With The Light,"Paladin One With The Light
Increases your Holy damage by 10% but reduces your Physical damage dealt by 10%.

Your Crusader Strike, Divine Storm and Hammer of the Righteous deal extra Holy damage, scaling with your spell power. ID 201436",Legendary,Paladin,30
200727,Rune of Power,Mage ID 200727,Legendary,Mage,30
200130,Earthen Guardian Mastery,"Shaman Earthen Guardian Mastery
Increases your maximum health by 3% and increases all threat generated by 12%. ID 200130",Legendary,Shaman,30
201499,Throwing Mastery,Warrior ID 201499,Epic,Warrior,46
1013867,Absolution,"Priest Absolution
Crossover Talent
Reduces the mana cost of your Dispel Magic, Cure Disease, Abolish Disease and Mass Dispel spells by 15%.

This Mystic Enchant does not stack with the Absolution Talent. Requires 30 Holy or 30 Shadow Priest Talents ID 1013867",Rare,Priest,45
201029,Posthaste,"Hunter Posthaste
Using Disengage increases your movement speed by 40% for 6 sec. ID 201029",Artifact,Hunter,35
201126,Higher Power,"Priest Higher Power
Increases the amount healed by Greater Heal by 20%, but increases its mana cost by 30%. ID 201126",Epic,Priest,40
201032,Armor of Wrath,Paladin ID 201032,Epic,Paladin,44
200319,Fire Storm,Warlock ID 200319,Epic,Warlock,20
201133,Relentless Laceration,"Druid Relentless Laceration
Using Lacerate causes you to ignore 2% of the target's armor and increases your chance to critically hit the target with melee attacks by 1%. Stacks up to 5 times and lasts for 15 sec, ID 201133",Epic,Druid,30
1013838,Improved Hammer of Justice,Paladin Requires 30 Holy or 30 Retribution Paladin Talents ID 1013838,Rare,Paladin,45
200565,Mending Tide,"Shaman Mending Tide
Requires  Riptide (Rank 1)
When you heal an ally with Riptide you apply Mending Tide. Can only be active on one ally at a time.

 Mending Tide
Heals the target and 2 nearby allies within 8 yards for 163 every 2 seconds for 6 sec. ID 200565",Legendary,Shaman,60
201394,Zephyr,"Shaman Zephyr
Your Windfury hits increases the damage the target takes from your Windfury Attack and Stormstrike by 2%. Stacks up to 10 times and lasts for 20 sec. ID 201394",Epic,Shaman,30
1013606,Grateful Prayer,"Priest Grateful Prayer
Your Prayer of Mending heals for 35% more but has one less charge. ID 1013606",Epic,Priest,44
1013893,Beastmastery Mastery,"Hunter Beast Mastery
Increases the damage done of your pet by 8% and its critical strike chance by 5%. ID 1013893",Legendary,Hunter,30
201395,Sword and Thunder,Warrior ID 201395,Epic,Warrior,15
1013899,Protection Mastery,"Warrior Protection Mastery
Reduces all damage taken while in Defensive Stance by 3% and increases all threat generated by 12%. ID 1013899",Legendary,Warrior,30
201514,Endless Void,"Priest Endless Void
Your Mind Blast casts extends the periodic Shadow damage increase granted from Void Eruption by 4 sec.

 Void-Touched
Increases periodic Shadow damage by 25%. ID 201514",Epic,Priest,35
554127,Glyph of Rupture,"Rogue Glyph of Rupture
Increases the duration of Rupture by 4 sec. ID 554127",Rare,Rogue,20
201517,Power Word: Barrier,Priest Requires 20 Discipline Priest Talents ID 201517,Artifact,Priest,35
1013612,Improved Fire Blast,Mage Requires 30 Arcane or 30 Frost Mage Talents ID 1013612,Rare,Mage,45
200887,Crazy Cultist,"Warlock Crazy Cultist
Your damaging Warlock spell casts have a 15% chance to cast an additional random Warlock spell for free. ID 200887",Legendary,Warlock,30
200725,Precision Impact,"Mage Precision Impact
Your Meteor deals 20% increased damage to targets affected by your Fireball or Pyroblast damage over time effect.

Your Fireball and Pyroblast deals 10% more damage to targets affected by your Meteor damage over time effect. ID 200725",Epic,Mage,30
200063,Frozen Orb,Mage ID 200063,Legendary,Mage,30
201368,Omen of Fatality,"Druid Omen of Fatality
Consuming Omen of Clarity with a Cat Form ability increases the critical strike chance of your Bear Form abilities by 12% for 18 sec.

Consuming Omen of Clarity with a Bear Form ability increases the damage of your Cat Form abilities by 8% for 18 sec. ID 201368",Epic,Druid,20
554401,Psychic Influence,"Priest Psychic Influence
Requires  Mind Flay (Rank 1)
Your Mind Flay penetrates your enemies' souls, causing them to take 20% increased damage from Shadow Word: Pain and Vampiric Touch while channeled. ID 554401",Epic,Priest,20
201002,Chasin' the Rush,"Rogue Chasin' the Rush
Your finishing moves have a 4% chance per combo point spent to grant you 20% energy regeneration and 20% attack speed for 10 sec. ID 201002",Legendary,Rogue,30
201219,Primal Frenzy,"Druid Primal Frenzy
Dealing damage with Rip and Rake has a 15% chance to empower you, increasing damage done by 6% for 8 sec. ID 201219",Epic,Druid,20
1013648,Improved Scorch,"Mage Improved Scorch
Crossover Talent
Increases your chance to critically hit with Scorch, Fireball and Frostfire Bolt by an additional 3% and your damaging Scorch spells have a 100% chance to cause your target to be vulnerable to spell damage, increasing spell critical strike chance against that target by 5% and lasts 30 sec.

This Mystic Enchant does not stack with the Improved Scorch Talent. Requires 30 Arcane or 30 Frost Mage Talents ID 1013648",Rare,Mage,45
200507,Dragon Warrior,Warrior ID 200507,Epic,Warrior,30
201492,Earthquake,Shaman ID 201492,Artifact,Shaman,35
201374,Ambush Predator,"Druid Ambush Predator
Dealing damage with Rake or Rip has a 10% chance and Shred has a 20% chance to grant you Ambush Predator.

 Ambush Predator
Your next Ravage can be cast outside of Prowl, has no positional requirement, costs 20 less energy and grants an additional combo point. Lasts 12 sec. ID 201374",Epic,Druid,32
200845,Touch of Elune,Druid ID 200845,Legendary,Druid,30
1013748,Vengeance,"Druid Vengeance
Crossover Talent
Increases the critical strike damage bonus of your Starfire, Starfall, Moonfire, and Wrath spells by 100%.

This Mystic Enchant does not stack with the Vengeance Talent. Requires 30 Feral or 30 Restoration Druid Talents ID 1013748",Rare,Druid,45
201476,Kindle for the Fire,"Hunter Kindle for the Fire
Dealing direct Physical with a ranged or melee ability increases your Fire damage done by 2% for 8 sec, stacking up to 4 times. ID 201476",Epic,Hunter,15
1013875,Destruction Mastery,"Warlock Destruction Mastery
Increases your Fire and Shadow damage done by 4% and the damage of your Immolate by an additional 5%. ID 1013875",Legendary,Warlock,30
201542,Energy Surge,"Rogue Energy Surge
Reduces the energy cost of Gouge by 20 and using Gouge on a monster doubles your energy regeneration while the Gouge lasts.

In addition, breaking Gouge with a damaging Rogue ability increases the damage of that ability by 30%. ID 201542",Epic,Rogue,15
554174,Glyph of Bloodthirst,"Warrior Glyph of Bloodthirst
Increases the healing you receive from your Bloodthirst ability by 50%. ID 554174",Rare,Warrior,40
200836,Shifting Bark,"Druid Shifting Bark
Barkskin now reduces magic damage taken by 30% and reduces physical damage taken by 10%. ID 200836",Epic,Druid,44
554100,Glyph of Arcane Explosion,"Mage Glyph of Arcane Explosion
Reduces mana cost of Arcane Explosion by 10%. ID 554100",Rare,Mage,14
201481,Mastery of Lightning,Shaman ID 201481,Epic,Shaman,40
201064,Skull Crusher,Warrior ID 201064,Epic,Warrior,30
201489,Pack Alpha,Shaman ID 201489,Epic,Shaman,60
201086,Assassin's Rush,"Rogue Assassin's Rush
Requires  Adrenaline Rush
Adrenaline Rush now also increases your attack speed and movement speed by 30% while active. ID 201086",Epic,Rogue,40
1013908,Defense of the Turtle,Hunter ID 1013908,Artifact,Hunter,35
1013698,Searing Light,"Priest Searing Light
Crossover Talent
Increases the damage of your Smite, Holy Fire, Holy Nova and Penance spells by 15%.

This Mystic Enchant does not stack with the Searing Light Talent. Requires 30 Discipline or 30 Shadow Priest Talents ID 1013698",Rare,Priest,45
1013982,Cremation,Mage ID 1013982,Legendary,Mage,30
1013880,Shadow Mastery,"Priest Shadow Mastery
Increases Shadow damage done by 3% and the critical strike chance of your Mind Flay by 5%. ID 1013880",Legendary,Priest,30
554075,Glyph of Shadow,"Priest Glyph of Shadow
Requires  Shadowform
While in Shadowform, your non-periodic spell critical strikes increase your spell power by 30% of your Spirit for 10 sec. ID 554075",Rare,Priest,40
1013909,Aspect of the Fox,Hunter ID 1013909,Legendary,Hunter,30
201293,Fetch Me Their Bones!,Hunter ID 201293,Epic,Hunter,34
200803,Pyroclasmic Shadows,"Warlock Pyroclasmic Shadows
Requires  Pyroclasm (Rank 1)
Your Pyroclasm also increases the critical strike chance of your Shadow Bolt by 10%. ID 200803",Epic,Warlock,40
200070,Angelic Feather,Priest ID 200070,Artifact,Priest,35
201014,Shield Finesse,Warrior ID 201014,Epic,Warrior,28
1013756,Savage Fury,"Druid Savage Fury
Crossover Talent
Increases the damage caused by your Claw, Rake, Mangle (Cat), Mangle (Bear), and Maul abilities by 20%.

This Mystic Enchant does not stack with the Savage Fury Talent. Requires 30 Balance or 30 Restoration Druid Talents ID 1013756",Rare,Druid,45
201304,Doppelganger,"Rogue Doppelganger
Your Vanish now spawns a Doppelganger that looks like you and runs in a random direction, taking the hits so you can get away. Lasts 4 seconds. ID 201304",Rare,Rogue,22
1013680,Ruthlessness,"Rogue Ruthlessness
Crossover Talent
Gives your melee finishing moves a 60% chance to add a combo point to your target.

This Mystic Enchant does not stack with the Ruthlessness Talent. Requires 30 Combat or 30 Subtlety Rogue Talents ID 1013680",Rare,Rogue,45
201142,Desperation,"Warrior Desperation
Requires  Bloodthirst
Bloodthirst now has 10% increased critical strike chance and does up to 40% additional damage based on how much health you are missing. 

Bloodthirst does up to 100% additional healing depending on how much health you are missing. ID 201142",Epic,Warrior,40
554010,Glyph of Rip,"Druid Glyph of Rip
Increases the duration of your Rip ability by 4 sec. ID 554010",Rare,Druid,20
201553,Radiant Star,Priest ID 201553,Epic,Priest,35
200999,Nature's Flow,Shaman ID 200999,Epic,Shaman,20
201000,Stampede,Hunter ID 201000,Legendary,Hunter,30
200102,Dispatch,Rogue ID 200102,Epic,Rogue,32
1013615,World in Flames,"Mage World in Flames
Crossover Talent
Increases the critical strike chance of your Flamestrike, Pyroblast, Blast Wave, Dragon's Breath, Living Bomb, Blizzard and Arcane Explosion spells by 6%.

This Mystic Enchant does not stack with the World in Flames Talent. Requires 30 Arcane or 30 Frost Mage Talents ID 1013615",Rare,Mage,45
554125,Glyph of Evasion,"Rogue Glyph of Evasion
Increases the duration of Evasion by 5 sec. ID 554125",Rare,Rogue,8
200867,Incarnation: King of the Jungle,Druid ID 200867,Legendary,Druid,30
200317,Hailstorm,Mage ID 200317,Epic,Mage,20
1013890,Enhancement Mastery,"Shaman Enhancement Mastery
Increases all physical damage done by 5% and increases all spell damage done by 3%. ID 1013890",Legendary,Shaman,30
201131,Divine Steed,Paladin ID 201131,Artifact,Paladin,35
200922,Lightning Fangs,"Shaman Lightning Fangs
Requires  Feral Spirit
Using Stormstrike charges your Spirit Wolves with lightning, causing their auto attacks to deal extra Nature damage for 6 seconds. ID 200922",Epic,Shaman,60
200136,Recuperate,Rogue ID 200136,Artifact,Rogue,35
201051,A New Dawn,"Paladin A New Dawn
Healing an ally with Light of Dawn or the direct part of Word of Glory makes your next Flash of Light, Holy Light or Holy Shock on them heal for 20% more.

In addition, healing the target of your Beacon of Light to full health generates one Holy Power. ID 201051",Epic,Paladin,35
201009,Twist of Faith,Paladin ID 201009,Legendary,Paladin,30
201552,Ferocious Clarity,"Druid Ferocious Clarity
Increases the damage of Maul by 10%. In addition, increases the damage of Claw and Mangle (Cat) by 10% on targets affected by your Rake.

After killing an opponent that yields experience or honor you trigger Omen of Clarity. ID 201552",Epic,Druid,15
201148,Refilling the Well,Priest ID 201148,Epic,Priest,40
554265,Glyph of Shield Wall,Warrior ID 554265,Rare,Warrior,28
201311,Charged Tides,"Shaman Charged Tides
Casting Lightning Bolt or Chain Lightning on a monster reduces the cast time and mana cost of your next Chain Heal or Healing Wave by 20%, stacking up to 3 times. ID 201311",Epic,Shaman,15
200951,Fire Attunement,"Warlock Fire Attunement
Requires  Molten Core (Rank 1)
Dealing damage with Immolate grants you Fire Attunement.

 Fire Attunement
Increases the chance to trigger your next Molten Core talent by 1%. Stacks up to 15 and lasts 15 sec. ID 200951",Epic,Warlock,35
1013601,Divine Resurgence,Paladin ID 1013601,Epic,Paladin,60
554022,Glyph of Hammer of Justice,"Paladin Glyph of Hammer of Justice
Increases your Hammer of Justice range by 5 yards. ID 554022",Rare,Paladin,8
1013950,Stoicism,"Paladin Stoicism
Crossover Talent
Reduces the duration of all Stun effects by an additional 30% and reduces the chance your helpful spells and damage over time effects will be dispelled by an additional 30%.

This Mystic Enchant does not stack with the Stoicism Talent. Requires 30 Holy or 30 Retribution Paladin Talents ID 1013950",Rare,Paladin,45
201164,Light of the Guardian,Paladin ID 201164,Legendary,Paladin,30
200623,Crimson Defense,"Paladin Crimson Defense
Blocking attacks grants you Crimson Defender.


 Crimson Defender
Consume 3 stacks to empower your next ability. Stacks up to 6 times and lasts for 15 sec.

- Shield of Righteousness: Deals an additional 99 Holy damage to 5 nearby enemies.

- Avenger's Shield: Increases your block value by 15% and threat by 15% for 15 sec. ID 200623",Legendary,Paladin,40
554047,Glyph of Windfury Weapon,"Shaman Glyph of Windfury Weapon
Increases the chance per swing for Windfury Weapon to trigger by 2%. ID 554047",Rare,Shaman,30
201455,Doomcaller's Wrath,"Warlock Doomcaller's Wrath
Requires  Eradication (Rank 3)
Using Curse of Doom grants you Eradication.

Duration of Eradication is increased by 5 seconds.

Increases the damage of Curse of Doom by 30%. ID 201455",Epic,Warlock,42
200061,Flame Ascendance,Shaman ID 200061,Legendary,Shaman,30
200179,Dragon Roar,Warrior ID 200179,Legendary,Warrior,30
200053,Tame Dragonkin,Mage ID 200053,Legendary,Mage,30
201441,Bloodshed,"Rogue Bloodshed
Requires  Hunger For Blood
Using Hunger for Blood increases the damage of your Rogue bleed effects by 15% for 10 sec and causes the target to take 30% additional damage from bleed effects for 30 sec.

In addition, your Hunger for Blood has no energy cost and generates 10 energy when used.

Hold SHIFT for more information ID 201441",Epic,Rogue,60
554008,Glyph of Mangle,"Druid Glyph of Mangle
Increases the damage done by Mangle by 10%. ID 554008",Rare,Druid,40
200388,Focal Point,"Mage Focal Point
The buff you gain from your Focus Magic can now stack up to 3 times. ID 200388",Epic,Mage,20
201371,Sword of Vengeance,"Paladin Sword of Vengeance
When using a Judgement on a target with 5 stacks of your Seal of Vengeance or Seal of Corruption, you deal 200 additional Holy damage to the target and other enemies within 3 yards. ID 201371",Epic,Paladin,40
1013886,Restoration Mastery,"Druid Restoration Mastery
Increases the effectiveness of your heal over time effects by 4% and reduces the mana cost of Regrowth, Healing Touch and Nourish by 8%. ID 1013886",Legendary,Druid,30
1013610,Surging Eclipse,"Druid Surging Eclipse
Requires  Eclipse (Rank 3)
Dealing damage with Starsurge while no Eclipse is active, guarantees that your next Wrath or Starfire triggers Eclipse.

Eclipse grants 30% damage and critical strike chance instead of 40%. ID 1013610",Epic,Druid,32
201515,Moon's Wrath,"Druid Moon's Wrath
Your Wrath and Starsurge have a 8% increased critical strike chance on targets affected by your Moonfire. ID 201515",Epic,Druid,15
200801,Heretic of Gul'dan,Warlock ID 200801,Epic,Warlock,30
200073,Roll the Bones,Rogue ID 200073,Legendary,Rogue,30
201054,Bash and Thrash,"Druid Bash and Thrash
Increases the threat generated by Bash significantly.

Using Bash grants you Enrage, empowers Mangle (Bear) to hit 2 additional nearby targets and causes you to generate extra threat on the target, scaling with your attack power for 8 sec. ID 201054",Epic,Druid,50
200084,Blinding Light,Paladin ID 200084,Artifact,Paladin,35
200979,Joint Onslaught,"Hunter Joint Onslaught
Your Multi-Shot grants your pet Frenzied Cleave and your Aimed Shot grants your pet Frenzied Bite.

 Frenzied Cleave
Auto attacks also strike 5 other nearby enemy targets for 15% of the damage for 5 sec.

 Frenzied Bite
Auto attacks deals additional damage for 30% of the damage for 5 sec. ID 200979",Epic,Hunter,20
201432,Devastating Blademaster,"Warrior Devastating Blademaster
Your chance to Parry is increased by 3%. After parrying an attack your next Devastate deals 20% additional damage. ID 201432",Epic,Warrior,50
554024,Glyph of Seal of Command,"Paladin Glyph of Seal of Command
You gain 8% of your base mana each time you use a Judgement with Seal of Command active. ID 554024",Rare,Paladin,20
